"MATNO","SESSION","GST111","GST112","CHM111","CHM113","MTH110","MTH112","PHY111","PHY113","GST121","GST122","GST123","CHM122","CHM124","MTH123","MTH125","PHY109","PHY124","FEES","PROBATION","OTHERS"
"ENG1002557",2011,"0","0","0","1","0","0","0","1","0","0","0","0","1","1","0","0","1",1,1,"0"
"ENG1002558",2011,"0","0","0","0","0","0","1","0","0","0","0","0","0","0","0","0","1",1,1,"0"
"ENG1002559",2011,"0","0","0","0","0","0","0","0","0","0","0","0","0","0","0","0","0",1,1,"0"
"ENG1002566",2011,"0","0","1","0","1","0","1","0","0","0","1","1","0","0","0","0","1",1,1,"0"
"ENG1002568",2011,"0","0","1","1","0","1","1","1","0","0","0","1","1","1","0","0","1",1,1,"0"
"ENG1002571",2011,"0","0","0","0","0","0","0","0","0","0","0","0","0","0","0","0","0",1,1,"0"
"ENG1002572",2011,"0","0","0","0","0","1","1","0","0","0","0","0","0","1","0","0","0",1,1,"0"
"ENG1002578",2011,"1","0","0","0","0","0","0","1","0","1","0","0","1","0","0","1","1",1,1,"0"
"ENG1002579",2011,"0","0","0","1","0","1","0","0","0","0","0","1","1","1","1","0","1",1,1,"0"
"ENG1002584",2011,"0","0","0","0","0","0","0","0","0","0","0","0","1","0","0","0","1",1,1,"0"
"ENG1002585",2011,"0","0","1","0","1","0","1","1","0","0","0","1","0","1","0","0","0",1,1,"0"
"ENG1002586",2011,"1","1","1","1","0","0","0","0","1","0","1","1","1","0","0","0","0",1,1,"0"
"ENG1002591",2011,"0","0","1","1","0","1","0","0","0","0","1","1","1","1","1","0","0",1,1,"0"
"ENG1002592",2011,"0","0","0","0","0","0","1","1","1","0","0","0","1","1","1","1","0",1,1,"0"
"ENG1002598",2011,"0","0","0","1","0","0","0","1","0","0","0","1","1","0","1","0","0",1,1,"0"
"ENG1002600",2011,"0","0","0","1","0","1","1","0","0","0","0","1","1","1","0","0","1",1,1,"0"
"ENG1002602",2011,"0","0","0","1","0","0","0","0","0","0","0","0","1","0","1","0","1",1,1,"0"
"ENG1002606",2011,"1","1","0","0","0","0","1","1","0","0","0","0","1","0","0","0","1",1,1,"0"
"ENG1002609",2011,"0","0","0","1","0","1","1","0","0","0","0","0","1","1","1","0","1",1,1,"0"
"ENG1102472",2011,"1","1","1","1","1","1","1","1","1","1","1","1","1","1","1","1","1",1,0,"0"
"ENG1102473",2011,"1","1","1","1","1","1","1","1","1","1","1","1","1","1","1","1","1",1,0,"0"
"ENG1102474",2011,"1","1","1","1","1","1","1","1","1","1","1","1","1","1","1","1","1",1,0,"0"
"ENG1102475",2011,"1","1","1","1","1","1","1","1","1","1","1","1","1","1","1","1","1",1,0,"0"
"ENG1102476",2011,"1","1","1","1","1","1","1","1","1","1","1","1","1","1","1","1","1",1,0,"0"
"ENG1102477",2011,"1","1","1","1","1","1","1","1","1","1","1","1","1","1","1","1","1",1,0,"0"
"ENG1102478",2011,"1","1","1","1","1","1","1","1","1","1","1","1","1","1","1","1","1",1,0,"0"
"ENG1102479",2011,"1","1","1","1","1","1","1","1","1","1","1","1","1","1","1","1","1",1,0,"0"
"ENG1102480",2011,"1","1","1","1","1","1","1","1","1","1","1","1","1","1","1","1","1",1,0,"0"
"ENG1102482",2011,"1","1","1","1","1","1","1","1","1","1","1","1","1","1","1","1","1",1,0,"0"
"ENG1102485",2011,"1","1","1","1","1","1","1","1","1","1","1","1","1","1","1","1","1",1,0,"0"
"ENG1102486",2011,"1","1","1","1","1","1","1","1","1","1","1","1","1","1","1","1","1",1,0,"0"
"ENG1102487",2011,"1","1","1","1","1","1","1","1","1","1","1","1","1","1","1","1","1",1,0,"0"
"ENG1102488",2011,"1","1","1","1","1","1","1","1","1","1","1","1","1","1","1","1","1",1,0,"0"
"ENG1102489",2011,"1","1","1","1","1","1","1","1","1","1","1","1","1","1","1","1","1",1,0,"0"
"ENG1102490",2011,"1","1","1","1","1","1","1","1","1","1","1","1","1","1","1","1","1",1,0,"0"
"ENG1102491",2011,"1","1","1","1","1","1","1","1","1","1","1","1","1","1","1","1","1",1,0,"0"
"ENG1102492",2011,"1","1","1","1","1","1","1","1","1","1","1","1","1","1","1","1","1",1,0,"0"
"ENG1102493",2011,"1","1","1","1","1","1","1","1","1","1","1","1","1","1","1","1","1",1,0,"0"
"ENG1102495",2011,"1","1","1","1","1","1","1","1","1","1","1","1","1","1","1","1","1",1,0,"0"
"ENG1102496",2011,"1","1","1","1","1","1","1","1","1","1","1","1","1","1","1","1","1",1,0,"0"
"ENG1102497",2011,"1","1","1","1","1","1","1","1","1","1","1","1","1","1","1","1","1",1,0,"0"
"ENG1102498",2011,"1","1","1","1","1","1","1","1","1","1","1","1","1","1","1","1","1",1,0,"0"
"ENG1102499",2011,"1","1","1","1","1","1","1","1","1","1","1","1","1","1","1","1","1",1,0,"0"
"ENG1102500",2011,"1","1","1","1","1","1","1","1","1","1","1","1","1","1","1","1","1",1,0,"0"
"ENG1102501",2011,"1","1","1","1","1","1","1","1","1","1","1","1","1","1","1","1","1",1,0,"0"
"ENG1102502",2011,"1","1","1","1","1","1","1","1","1","1","1","1","1","1","1","1","1",1,0,"Absent from Examination"
"ENG1102503",2011,"1","1","1","1","1","1","1","1","1","1","1","1","1","1","1","1","1",1,0,"0"
"ENG1102504",2011,"1","1","1","1","1","1","1","1","1","1","1","1","1","1","1","1","1",1,0,"0"
"ENG1102505",2011,"1","1","1","1","1","1","1","1","1","1","1","1","1","1","1","1","1",1,0,"0"
"ENG1102506",2011,"1","1","1","1","1","1","1","1","1","1","1","1","1","1","1","1","1",1,0,"0"
"ENG1102507",2011,"1","1","1","1","1","1","1","1","1","1","1","1","1","1","1","1","1",1,0,"0"
"ENG1102508",2011,"1","1","1","1","1","1","1","1","1","1","1","1","1","1","1","1","1",1,0,"0"
"ENG1102509",2011,"1","1","1","1","1","1","1","1","1","1","1","1","1","1","1","1","1",1,0,"0"
"ENG1102510",2011,"1","1","1","1","1","1","1","1","1","1","1","1","1","1","1","1","1",1,0,"0"
"ENG1102511",2011,"1","1","1","1","1","1","1","1","1","1","1","1","1","1","1","1","1",1,0,"0"
"ENG1102512",2011,"1","1","1","1","1","1","1","1","1","1","1","1","1","1","1","1","1",1,0,"0"
"ENG1102513",2011,"1","1","1","1","1","1","1","1","1","1","1","1","1","1","1","1","1",1,0,"0"
"ENG1102514",2011,"1","1","1","1","1","1","1","1","1","1","1","1","1","1","1","1","1",1,0,"0"
"ENG1102515",2011,"1","1","1","1","1","1","1","1","1","1","1","1","1","1","1","1","1",1,0,"0"
"ENG1102516",2011,"1","1","1","1","1","1","1","1","1","1","1","1","1","1","1","1","1",1,0,"0"
"ENG1102517",2011,"1","1","1","1","1","1","1","1","1","1","1","1","1","1","1","1","1",1,0,"0"
"ENG1102518",2011,"1","1","1","1","1","1","1","1","1","1","1","1","1","1","1","1","1",1,0,"0"
"ENG1102519",2011,"1","1","1","1","1","1","1","1","1","1","1","1","1","1","1","1","1",1,0,"0"
"ENG1102521",2011,"1","1","1","1","1","1","1","1","1","1","1","1","1","1","1","1","1",1,0,"0"
"ENG1102522",2011,"1","1","1","1","1","1","1","1","1","1","1","1","1","1","1","1","1",1,0,"0"
"ENG1102523",2011,"1","1","1","1","1","1","1","1","1","1","1","1","1","1","1","1","1",1,0,"0"
"ENG1102524",2011,"1","1","1","1","1","1","1","1","1","1","1","1","1","1","1","1","1",1,0,"0"
"ENG1102525",2011,"1","1","1","1","1","1","1","1","1","1","1","1","1","1","1","1","1",1,0,"0"
"ENG0902537",2011,"0","0","0","1","0","0","1","0","0","0","0","1","0","0","0","1","0",1,2,"0"
"ENG1002514",2011,"0","0","1","0","1","0","0","0","0","0","0","0","1","0","0","0","0",1,1,"0"
"ENG1002517",2011,"1","0","0","0","0","0","0","0","0","0","0","1","1","0","0","0","0",1,1,"0"
"ENG1002519",2011,"0","0","0","1","0","1","1","1","0","0","0","0","0","1","1","0","0",1,1,"0"
"ENG1002522",2011,"0","0","1","1","1","1","0","1","0","0","0","0","1","1","0","0","0",1,1,"0"
"ENG1002524",2011,"0","0","1","0","0","1","0","0","0","0","0","1","1","0","1","0","1",1,1,"0"
"ENG1002530",2011,"1","0","1","1","0","0","0","0","0","1","0","1","1","0","0","0","1",1,1,"0"
"ENG1002532",2011,"0","0","0","1","0","1","1","0","0","1","0","1","1","1","0","0","1",1,1,"0"
"ENG1002537",2011,"0","0","0","0","0","0","0","0","0","0","1","1","0","0","1","0","0",1,1,"0"
"ENG1002547",2011,"0","0","0","0","0","1","1","0","0","1","0","1","1","0","1","0","1",1,1,"0"
"ENG0902537",2009,"1","1","1","1","1","1","1","1","1","1","1","1","1","1","1","1","1",1,0,"0"
"ENG1206391",2012,"1","1","1","1","1","1","1","1","1","1","1","1","1","1","1","1","1",1,0,"0"
"ENG1206126",2012,"1","1","1","1","1","1","1","1","1","1","1","1","1","1","1","1","1",1,0,"0"
"ENG1206124",2012,"1","1","1","1","1","1","1","1","1","1","1","1","1","1","1","1","1",1,0,"0"
"ENG1206123",2012,"1","1","1","1","1","1","1","1","1","1","1","1","1","1","1","1","1",1,0,"0"
"ENG1206122",2012,"1","1","1","1","1","1","1","1","1","1","1","1","1","1","1","1","1",1,0,"0"
"ENG1206121",2012,"1","1","1","1","1","1","1","1","1","1","1","1","1","1","1","1","1",1,0,"0"
"ENG1206120",2012,"1","1","1","1","1","1","1","1","1","1","1","1","1","1","1","1","1",1,0,"0"
"ENG1206118",2012,"1","1","1","1","1","1","1","1","1","1","1","1","1","1","1","1","1",1,0,"0"
"ENG1203055",2012,"1","1","1","1","1","1","1","1","1","1","1","1","1","1","1","1","1",1,0,"0"
"ENG1102526",2011,"1","1","1","1","1","1","1","1","1","1","1","1","1","1","1","1","1",1,0,"0"
"ENG1102527",2011,"1","1","1","1","1","1","1","1","1","1","1","1","1","1","1","1","1",1,0,"0"
"ENG1102528",2011,"1","1","1","1","1","1","1","1","1","1","1","1","1","1","1","1","1",1,0,"0"
"ENG1102529",2011,"1","1","1","1","1","1","1","1","1","1","1","1","1","1","1","1","1",1,0,"0"
"ENG1102530",2011,"1","1","1","1","1","1","1","1","1","1","1","1","1","1","1","1","1",1,0,"0"
"ENG1102531",2011,"1","1","1","1","1","1","1","1","1","1","1","1","1","1","1","1","1",1,0,"0"
"ENG1102532",2011,"1","1","1","1","1","1","1","1","1","1","1","1","1","1","1","1","1",1,0,"0"
"ENG1102533",2011,"1","1","1","1","1","1","1","1","1","1","1","1","1","1","1","1","1",1,0,"0"
"ENG1102534",2011,"1","1","1","1","1","1","1","1","1","1","1","1","1","1","1","1","1",1,0,"0"
"ENG1102535",2011,"1","1","1","1","1","1","1","1","1","1","1","1","1","1","1","1","1",1,0,"0"
"ENG1102536",2011,"1","1","1","1","1","1","1","1","1","1","1","1","1","1","1","1","1",1,0,"0"
"ENG1102537",2011,"1","1","1","1","1","1","1","1","1","1","1","1","1","1","1","1","1",1,0,"0"
"ENG1102538",2011,"1","1","1","1","1","1","1","1","1","1","1","1","1","1","1","1","1",1,0,"0"
"ENG1102539",2011,"1","1","1","1","1","1","1","1","1","1","1","1","1","1","1","1","1",1,0,"0"
"ENG1102540",2011,"1","1","1","1","1","1","1","1","1","1","1","1","1","1","1","1","1",1,0,"0"
"ENG1102541",2011,"1","1","1","1","1","1","1","1","1","1","1","1","1","1","1","1","1",1,0,"0"
"ENG1102542",2011,"1","1","1","1","1","1","1","1","1","1","1","1","1","1","1","1","1",1,0,"0"
"ENG1102543",2011,"1","1","1","1","1","1","1","1","1","1","1","1","1","1","1","1","1",1,0,"0"
"ENG1102544",2011,"1","1","1","1","1","1","1","1","1","1","1","1","1","1","1","1","1",1,0,"0"
"ENG1102545",2011,"1","1","1","1","1","1","1","1","1","1","1","1","1","1","1","1","1",1,0,"0"
"ENG1102546",2011,"1","1","1","1","1","1","1","1","1","1","1","1","1","1","1","1","1",1,0,"0"
"ENG1102547",2011,"1","1","1","1","1","1","1","1","1","1","1","1","1","1","1","1","1",1,0,"0"
"ENG1105520",2011,"1","1","1","1","1","1","1","1","1","1","1","1","1","1","1","1","1",1,0,"0"
"ENG1105521",2011,"1","1","1","1","1","1","1","1","1","1","1","1","1","1","1","1","1",1,0,"0"
"ENG1105522",2011,"1","1","1","1","1","1","1","1","1","1","1","1","1","1","1","1","1",1,0,"0"
"ENG1105523",2011,"1","1","1","1","1","1","1","1","1","1","1","1","1","1","1","1","1",1,0,"0"
"ENG1105524",2011,"1","1","1","1","1","1","1","1","1","1","1","1","1","1","1","1","1",1,0,"0"
"ENG1105525",2011,"1","1","1","1","1","1","1","1","1","1","1","1","1","1","1","1","1",1,0,"0"
"ENG1105526",2011,"1","1","1","1","1","1","1","1","1","1","1","1","1","1","1","1","1",1,0,"0"
"ENG1105527",2011,"1","1","1","1","1","1","1","1","1","1","1","1","1","1","1","1","1",1,0,"0"
"ENG1105528",2011,"1","1","1","1","1","1","1","1","1","1","1","1","1","1","1","1","1",1,0,"0"
"ENG1105530",2011,"1","1","1","1","1","1","1","1","1","1","1","1","1","1","1","1","1",1,0,"0"
"ENG1105531",2011,"1","1","1","1","1","1","1","1","1","1","1","1","1","1","1","1","1",1,0,"0"
"ENG1106027",2011,"1","1","1","1","1","1","1","1","1","1","1","1","1","1","1","1","1",1,0,"0"
"ENG1106028",2011,"1","1","1","1","1","1","1","1","1","1","1","1","1","1","1","1","1",1,0,"0"
"ENG1106029",2011,"1","1","1","1","1","1","1","1","1","1","1","1","1","1","1","1","1",1,0,"0"
"ENG1106031",2011,"1","1","1","1","1","1","1","1","1","1","1","1","1","1","1","1","1",1,0,"0"
"ENG1106032",2011,"1","1","1","1","1","1","1","1","1","1","1","1","1","1","1","1","1",1,0,"0"
"ENG1106484",2011,"1","1","1","1","1","1","1","1","1","1","1","1","1","1","1","1","1",1,0,"0"
"ENG1106647",2011,"1","1","1","1","1","1","1","1","1","1","1","1","1","1","1","1","1",1,0,"0"
"ENG1002513",2010,"1","1","1","1","1","1","1","1","1","1","1","1","1","1","1","1","1",1,0,"0"
"ENG1002514",2010,"1","1","1","1","1","1","1","1","1","1","1","1","1","1","1","1","1",1,0,"0"
"ENG1002515",2010,"1","1","1","1","1","1","1","1","1","1","1","1","1","1","1","1","1",1,0,"0"
"ENG1002516",2010,"1","1","1","1","1","1","1","1","1","1","1","1","1","1","1","1","1",1,0,"0"
"ENG1002517",2010,"1","1","1","1","1","1","1","1","1","1","1","1","1","1","1","1","1",1,0,"0"
"ENG1002518",2010,"1","1","1","1","1","1","1","1","1","1","1","1","1","1","1","1","1",1,0,"0"
"ENG1002519",2010,"1","1","1","1","1","1","1","1","1","1","1","1","1","1","1","1","1",1,0,"0"
"ENG1002520",2010,"1","1","1","1","1","1","1","1","1","1","1","1","1","1","1","1","1",1,0,"0"
"ENG1002521",2010,"1","1","1","1","1","1","1","1","1","1","1","1","1","1","1","1","1",1,0,"0"
"ENG1002522",2010,"1","1","1","1","1","1","1","1","1","1","1","1","1","1","1","1","1",1,0,"0"
"ENG1002523",2010,"1","1","1","1","1","1","1","1","1","1","1","1","1","1","1","1","1",1,0,"0"
"ENG1002524",2010,"1","1","1","1","1","1","1","1","1","1","1","1","1","1","1","1","1",1,0,"0"
"ENG1002525",2010,"1","1","1","1","1","1","1","1","1","1","1","1","1","1","1","1","1",1,0,"0"
"ENG1002526",2010,"1","1","1","1","1","1","1","1","1","1","1","1","1","1","1","1","1",1,0,"0"
"ENG1002527",2010,"1","1","1","1","1","1","1","1","1","1","1","1","1","1","1","1","1",1,0,"0"
"ENG1002528",2010,"1","1","1","1","1","1","1","1","1","1","1","1","1","1","1","1","1",1,0,"0"
"ENG1002529",2010,"1","1","1","1","1","1","1","1","1","1","1","1","1","1","1","1","1",1,0,"0"
"ENG1002530",2010,"1","1","1","1","1","1","1","1","1","1","1","1","1","1","1","1","1",1,0,"0"
"ENG1002531",2010,"1","1","1","1","1","1","1","1","1","1","1","1","1","1","1","1","1",1,0,"0"
"ENG1002532",2010,"1","1","1","1","1","1","1","1","1","1","1","1","1","1","1","1","1",1,0,"0"
"ENG1002533",2010,"1","1","1","1","1","1","1","1","1","1","1","1","1","1","1","1","1",1,0,"0"
"ENG1002534",2010,"1","1","1","1","1","1","1","1","1","1","1","1","1","1","1","1","1",1,0,"0"
"ENG1002535",2010,"1","1","1","1","1","1","1","1","1","1","1","1","1","1","1","1","1",1,0,"0"
"ENG1002536",2010,"1","1","1","1","1","1","1","1","1","1","1","1","1","1","1","1","1",1,0,"0"
"ENG1002537",2010,"1","1","1","1","1","1","1","1","1","1","1","1","1","1","1","1","1",1,0,"0"
"ENG1002539",2010,"1","1","1","1","1","1","1","1","1","1","1","1","1","1","1","1","1",1,0,"0"
"ENG1002541",2010,"1","1","1","1","1","1","1","1","1","1","1","1","1","1","1","1","1",1,0,"0"
"ENG1002542",2010,"1","1","1","1","1","1","1","1","1","1","1","1","1","1","1","1","1",1,0,"0"
"ENG1002543",2010,"1","1","1","1","1","1","1","1","1","1","1","1","1","1","1","1","1",1,0,"0"
"ENG1002544",2010,"1","1","1","1","1","1","1","1","1","1","1","1","1","1","1","1","1",1,0,"0"
"ENG1002546",2010,"1","1","1","1","1","1","1","1","1","1","1","1","1","1","1","1","1",1,0,"0"
"ENG1002547",2010,"1","1","1","1","1","1","1","1","1","1","1","1","1","1","1","1","1",1,0,"0"
"ENG1002548",2010,"1","1","1","1","1","1","1","1","1","1","1","1","1","1","1","1","1",1,0,"0"
"ENG1002549",2010,"1","1","1","1","1","1","1","1","1","1","1","1","1","1","1","1","1",1,0,"0"
"ENG1002550",2010,"1","1","1","1","1","1","1","1","1","1","1","1","1","1","1","1","1",1,0,"0"
"ENG1002551",2010,"1","1","1","1","1","1","1","1","1","1","1","1","1","1","1","1","1",1,0,"0"
"ENG1002552",2010,"1","1","1","1","1","1","1","1","1","1","1","1","1","1","1","1","1",1,0,"0"
"ENG1002553",2010,"1","1","1","1","1","1","1","1","1","1","1","1","1","1","1","1","1",1,0,"0"
"ENG1002554",2010,"1","1","1","1","1","1","1","1","1","1","1","1","1","1","1","1","1",1,0,"0"
"ENG1002555",2010,"1","1","1","1","1","1","1","1","1","1","1","1","1","1","1","1","1",1,0,"0"
"ENG1002556",2010,"1","1","1","1","1","1","1","1","1","1","1","1","1","1","1","1","1",1,0,"0"
"ENG1002557",2010,"1","1","1","1","1","1","1","1","1","1","1","1","1","1","1","1","1",1,0,"0"
"ENG1002558",2010,"1","1","1","1","1","1","1","1","1","1","1","1","1","1","1","1","1",1,0,"0"
"ENG1002559",2010,"1","1","1","1","1","1","1","1","1","1","1","1","1","1","1","1","1",1,0,"0"
"ENG1002561",2010,"1","1","1","1","1","1","1","1","1","1","1","1","1","1","1","1","1",1,0,"0"
"ENG1002562",2010,"1","1","1","1","1","1","1","1","1","1","1","1","1","1","1","1","1",1,0,"0"
"ENG1002563",2010,"1","1","1","1","1","1","1","1","1","1","1","1","1","1","1","1","1",1,0,"0"
"ENG1002564",2010,"1","1","1","1","1","1","1","1","1","1","1","1","1","1","1","1","1",1,0,"0"
"ENG1002565",2010,"1","1","1","1","1","1","1","1","1","1","1","1","1","1","1","1","1",1,0,"0"
"ENG1002566",2010,"1","1","1","1","1","1","1","1","1","1","1","1","1","1","1","1","1",1,0,"0"
"ENG1002567",2010,"1","1","1","1","1","1","1","1","1","1","1","1","1","1","1","1","1",1,0,"0"
"ENG1002568",2010,"1","1","1","1","1","1","1","1","1","1","1","1","1","1","1","1","1",1,0,"0"
"ENG1002569",2010,"1","1","1","1","1","1","1","1","1","1","1","1","1","1","1","1","1",1,0,"0"
"ENG1002570",2010,"1","1","1","1","1","1","1","1","1","1","1","1","1","1","1","1","1",1,0,"0"
"ENG1002571",2010,"1","1","1","1","1","1","1","1","1","1","1","1","1","1","1","1","1",1,0,"0"
"ENG1002572",2010,"1","1","1","1","1","1","1","1","1","1","1","1","1","1","1","1","1",1,0,"0"
"ENG1002573",2010,"1","1","1","1","1","1","1","1","1","1","1","1","1","1","1","1","1",1,0,"0"
"ENG1002575",2010,"1","1","1","1","1","1","1","1","1","1","1","1","1","1","1","1","1",1,0,"0"
"ENG1002577",2010,"1","1","1","1","1","1","1","1","1","1","1","1","1","1","1","1","1",1,0,"0"
"ENG1002578",2010,"1","1","1","1","1","1","1","1","1","1","1","1","1","1","1","1","1",1,0,"0"
"ENG1002579",2010,"1","1","1","1","1","1","1","1","1","1","1","1","1","1","1","1","1",1,0,"0"
"ENG1002581",2010,"1","1","1","1","1","1","1","1","1","1","1","1","1","1","1","1","1",1,0,"0"
"ENG1002582",2010,"1","1","1","1","1","1","1","1","1","1","1","1","1","1","1","1","1",1,0,"0"
"ENG1002583",2010,"1","1","1","1","1","1","1","1","1","1","1","1","1","1","1","1","1",1,0,"0"
"ENG1002584",2010,"1","1","1","1","1","1","1","1","1","1","1","1","1","1","1","1","1",1,0,"0"
"ENG1002585",2010,"1","1","1","1","1","1","1","1","1","1","1","1","1","1","1","1","1",1,0,"0"
"ENG1002586",2010,"1","1","1","1","1","1","1","1","1","1","1","1","1","1","1","1","1",1,0,"0"
"ENG1002587",2010,"1","1","1","1","1","1","1","1","1","1","1","1","1","1","1","1","1",1,0,"0"
"ENG1002588",2010,"1","1","1","1","1","1","1","1","1","1","1","1","1","1","1","1","1",1,0,"0"
"ENG1002589",2010,"1","1","1","1","1","1","1","1","1","1","1","1","1","1","1","1","1",1,0,"0"
"ENG1002590",2010,"1","1","1","1","1","1","1","1","1","1","1","1","1","1","1","1","1",1,0,"0"
"ENG1002591",2010,"1","1","1","1","1","1","1","1","1","1","1","1","1","1","1","1","1",1,0,"0"
"ENG1002592",2010,"1","1","1","1","1","1","1","1","1","1","1","1","1","1","1","1","1",1,0,"0"
"ENG1002593",2010,"1","1","1","1","1","1","1","1","1","1","1","1","1","1","1","1","1",1,0,"0"
"ENG1002594",2010,"1","1","1","1","1","1","1","1","1","1","1","1","1","1","1","1","1",1,0,"0"
"ENG1002597",2010,"1","1","1","1","1","1","1","1","1","1","1","1","1","1","1","1","1",1,0,"0"
"ENG1002598",2010,"1","1","1","1","1","1","1","1","1","1","1","1","1","1","1","1","1",1,0,"0"
"ENG1002599",2010,"1","1","1","1","1","1","1","1","1","1","1","1","1","1","1","1","1",1,0,"0"
"ENG1002600",2010,"1","1","1","1","1","1","1","1","1","1","1","1","1","1","1","1","1",1,0,"0"
"ENG1002602",2010,"1","1","1","1","1","1","1","1","1","1","1","1","1","1","1","1","1",1,0,"0"
"ENG1002603",2010,"1","1","1","1","1","1","1","1","1","1","1","1","1","1","1","1","1",1,0,"0"
"ENG1002604",2010,"1","1","1","1","1","1","1","1","1","1","1","1","1","1","1","1","1",1,0,"0"
"ENG1002605",2010,"1","1","1","1","1","1","1","1","1","1","1","1","1","1","1","1","1",1,0,"0"
"ENG1002606",2010,"1","1","1","1","1","1","1","1","1","1","1","1","1","1","1","1","1",1,0,"0"
"ENG1002607",2010,"1","1","1","1","1","1","1","1","1","1","1","1","1","1","1","1","1",1,0,"0"
"ENG1002608",2010,"1","1","1","1","1","1","1","1","1","1","1","1","1","1","1","1","1",1,0,"0"
"ENG1002609",2010,"1","1","1","1","1","1","1","1","1","1","1","1","1","1","1","1","1",1,0,"0"
"ENG1002610",2010,"1","1","1","1","1","1","1","1","1","1","1","1","1","1","1","1","1",1,0,"0"
"ENG1002611",2010,"1","1","1","1","1","1","1","1","1","1","1","1","1","1","1","1","1",1,0,"0"
"ENG1002574",2010,"1","1","1","1","1","1","1","1","1","1","1","1","1","1","1","1","1",1,0,"0"
"ENG0902504",2010,"0","0","1","0","0","1","0","0","0","0","0","1","1","1","0","0","0",0,1,"0"
"ENG0902507",2010,"1","0","1","0","1","1","0","0","0","0","0","1","0","0","1","0","1",0,1,"0"
"ENG0902515",2010,"0","0","0","0","0","1","0","1","0","0","0","1","0","0","1","0","1",0,1,"0"
"ENG0902520",2010,"0","0","0","1","0","0","0","0","1","0","0","1","0","0","1","0","0",0,1,"0"
"ENG0902527",2010,"0","0","0","0","0","1","0","0","0","0","0","0","0","0","1","0","1",0,1,"0"
"ENG0902530",2010,"0","0","0","0","0","0","0","1","1","0","0","1","0","1","1","0","0",0,1,"0"
"ENG0902534",2010,"0","0","0","0","0","0","0","0","0","0","0","1","1","1","0","0","0",0,1,"0"
"ENG0902537",2010,"0","0","0","1","0","0","1","0","0","0","0","1","0","0","0","1","0",0,1,"Temporary Withdrawal"
"ENG0902539",2010,"0","0","0","0","0","0","1","0","0","0","0","1","0","0","1","0","0",0,1,"0"
"ENG0902544",2010,"0","0","0","0","0","1","0","0","0","1","0","1","1","0","0","0","0",0,1,"0"
"ENG0902546",2010,"0","0","0","1","0","0","0","0","0","0","0","1","0","1","0","0","0",0,1,"0"
"ENG0902547",2010,"0","0","0","0","0","0","0","0","0","0","0","1","1","1","1","0","1",0,1,"0"
"ENG0902552",2010,"0","0","0","0","0","0","0","0","0","0","0","1","1","0","1","0","0",0,1,"0"
"ENG0902559",2010,"0","0","0","0","0","1","0","0","0","1","0","0","1","1","0","0","0",0,1,"0"
"ENG0902564",2010,"0","0","0","1","1","1","0","1","0","0","0","0","0","0","0","0","0",0,1,"0"
"ENG0902576",2010,"0","1","0","0","0","1","0","1","0","0","0","0","1","0","0","0","0",0,1,"0"
"ENG0902579",2010,"0","0","0","0","0","0","0","1","0","0","0","1","1","1","0","0","0",0,1,"0"
"ENG0902589",2010,"1","0","0","0","1","1","0","1","0","1","0","0","0","0","1","1","0",0,1,"0"
"ENG0902590",2010,"0","0","1","1","0","0","1","0","0","0","0","1","1","0","0","0","0",0,1,"0"
"ENG0902591",2010,"0","0","1","0","0","0","0","0","0","0","0","1","0","1","0","0","0",0,1,"0"
"ENG0902593",2010,"0","0","0","1","1","1","0","0","0","0","0","1","0","0","0","0","0",0,1,"0"
"ENG0902596",2010,"0","0","0","0","0","0","0","0","0","0","0","1","1","0","1","0","0",0,1,"0"
"ENG0902597",2010,"0","0","0","1","0","0","1","0","0","0","0","1","1","0","0","0","1",0,1,"0"
"ENG0902621",2010,"0","0","0","0","1","0","0","1","0","0","0","0","0","0","1","0","0",0,1,"0"
"ENG0902622",2010,"0","1","0","1","0","1","1","0","0","0","0","0","1","0","1","0","0",0,1,"0"
"ENG0903596",2010,"1","0","1","0","0","0","1","0","1","1","1","0","0","1","0","0","1",0,1,"0"
"ENG0905919",2010,"0","0","0","0","0","1","0","0","0","1","0","0","0","1","0","1","0",0,1,"0"
"ENG0905920",2010,"0","0","0","0","0","1","0","1","0","0","0","0","1","0","1","0","0",0,1,"0"
"ENG1102471",2011,"1","1","1","1","1","1","1","1","1","1","1","1","1","1","1","1","1",1,0,"Medical Case"
"ENG1203050",2012,"1","1","1","1","1","1","1","1","1","1","1","1","1","1","1","1","1",1,0,"0"
"ENG1203051",2012,"1","1","1","1","1","1","1","1","1","1","1","1","1","1","1","1","1",1,0,"0"
"ENG1203052",2012,"1","1","1","1","1","1","1","1","1","1","1","1","1","1","1","1","1",1,0,"0"
"ENG1203053",2012,"1","1","1","1","1","1","1","1","1","1","1","1","1","1","1","1","1",1,0,"0"
"ENG1203054",2012,"1","1","1","1","1","1","1","1","1","1","1","1","1","1","1","1","1",1,0,"0"
"ENG1203056",2012,"1","1","1","1","1","1","1","1","1","1","1","1","1","1","1","1","1",1,0,"0"
"ENG1203057",2012,"1","1","1","1","1","1","1","1","1","1","1","1","1","1","1","1","1",1,0,"0"
"ENG1203058",2012,"1","1","1","1","1","1","1","1","1","1","1","1","1","1","1","1","1",1,0,"0"
"ENG1203059",2012,"1","1","1","1","1","1","1","1","1","1","1","1","1","1","1","1","1",1,0,"0"
"ENG1203060",2012,"1","1","1","1","1","1","1","1","1","1","1","1","1","1","1","1","1",1,0,"0"
"ENG1203061",2012,"1","1","1","1","1","1","1","1","1","1","1","1","1","1","1","1","1",1,0,"0"
"ENG1203062",2012,"1","1","1","1","1","1","1","1","1","1","1","1","1","1","1","1","1",1,0,"0"
"ENG1203063",2012,"1","1","1","1","1","1","1","1","1","1","1","1","1","1","1","1","1",1,0,"0"
"ENG1203064",2012,"1","1","1","1","1","1","1","1","1","1","1","1","1","1","1","1","1",1,0,"0"
"ENG1203065",2012,"1","1","1","1","1","1","1","1","1","1","1","1","1","1","1","1","1",1,0,"0"
"ENG1203067",2012,"1","1","1","1","1","1","1","1","1","1","1","1","1","1","1","1","1",1,0,"0"
"ENG1203068",2012,"1","1","1","1","1","1","1","1","1","1","1","1","1","1","1","1","1",1,0,"0"
"ENG1203069",2012,"1","1","1","1","1","1","1","1","1","1","1","1","1","1","1","1","1",1,0,"0"
"ENG1203070",2012,"1","1","1","1","1","1","1","1","1","1","1","1","1","1","1","1","1",1,0,"0"
"ENG1203071",2012,"1","1","1","1","1","1","1","1","1","1","1","1","1","1","1","1","1",1,0,"0"
"ENG1203072",2012,"1","1","1","1","1","1","1","1","1","1","1","1","1","1","1","1","1",1,0,"0"
"ENG1203073",2012,"1","1","1","1","1","1","1","1","1","1","1","1","1","1","1","1","1",1,0,"0"
"ENG1203074",2012,"1","1","1","1","1","1","1","1","1","1","1","1","1","1","1","1","1",1,0,"0"
"ENG1203075",2012,"1","1","1","1","1","1","1","1","1","1","1","1","1","1","1","1","1",1,0,"0"
"ENG1203076",2012,"1","1","1","1","1","1","1","1","1","1","1","1","1","1","1","1","1",1,0,"0"
"ENG1203078",2012,"1","1","1","1","1","1","1","1","1","1","1","1","1","1","1","1","1",1,0,"0"
"ENG1203079",2012,"1","1","1","1","1","1","1","1","1","1","1","1","1","1","1","1","1",1,0,"0"
"ENG1203080",2012,"1","1","1","1","1","1","1","1","1","1","1","1","1","1","1","1","1",1,0,"0"
"ENG1203081",2012,"1","1","1","1","1","1","1","1","1","1","1","1","1","1","1","1","1",1,0,"0"
"ENG1203082",2012,"1","1","1","1","1","1","1","1","1","1","1","1","1","1","1","1","1",1,0,"0"
"ENG1203083",2012,"1","1","1","1","1","1","1","1","1","1","1","1","1","1","1","1","1",1,0,"0"
"ENG1203084",2012,"1","1","1","1","1","1","1","1","1","1","1","1","1","1","1","1","1",1,0,"0"
"ENG1203085",2012,"1","1","1","1","1","1","1","1","1","1","1","1","1","1","1","1","1",1,0,"0"
"ENG1203086",2012,"1","1","1","1","1","1","1","1","1","1","1","1","1","1","1","1","1",1,0,"0"
"ENG1203087",2012,"1","1","1","1","1","1","1","1","1","1","1","1","1","1","1","1","1",1,0,"0"
"ENG1203088",2012,"1","1","1","1","1","1","1","1","1","1","1","1","1","1","1","1","1",1,0,"0"
"ENG1203089",2012,"1","1","1","1","1","1","1","1","1","1","1","1","1","1","1","1","1",1,0,"0"
"ENG1203090",2012,"1","1","1","1","1","1","1","1","1","1","1","1","1","1","1","1","1",1,0,"0"
"ENG1203091",2012,"1","1","1","1","1","1","1","1","1","1","1","1","1","1","1","1","1",1,0,"0"
"ENG1203092",2012,"1","1","1","1","1","1","1","1","1","1","1","1","1","1","1","1","1",1,0,"0"
"ENG1203093",2012,"1","1","1","1","1","1","1","1","1","1","1","1","1","1","1","1","1",1,0,"0"
"ENG1203094",2012,"1","1","1","1","1","1","1","1","1","1","1","1","1","1","1","1","1",1,0,"0"
"ENG1203095",2012,"1","1","1","1","1","1","1","1","1","1","1","1","1","1","1","1","1",1,0,"0"
"ENG1203096",2012,"1","1","1","1","1","1","1","1","1","1","1","1","1","1","1","1","1",1,0,"0"
"ENG1203097",2012,"1","1","1","1","1","1","1","1","1","1","1","1","1","1","1","1","1",1,0,"0"
"ENG1203098",2012,"1","1","1","1","1","1","1","1","1","1","1","1","1","1","1","1","1",1,0,"0"
"ENG1203099",2012,"1","1","1","1","1","1","1","1","1","1","1","1","1","1","1","1","1",1,0,"0"
"ENG1203100",2012,"1","1","1","1","1","1","1","1","1","1","1","1","1","1","1","1","1",1,0,"0"
"ENG1203101",2012,"1","1","1","1","1","1","1","1","1","1","1","1","1","1","1","1","1",1,0,"0"
"ENG1203102",2012,"1","1","1","1","1","1","1","1","1","1","1","1","1","1","1","1","1",1,0,"0"
"ENG1203103",2012,"1","1","1","1","1","1","1","1","1","1","1","1","1","1","1","1","1",1,0,"0"
"ENG1203104",2012,"1","1","1","1","1","1","1","1","1","1","1","1","1","1","1","1","1",1,0,"0"
"ENG1203105",2012,"1","1","1","1","1","1","1","1","1","1","1","1","1","1","1","1","1",1,0,"0"
"ENG1203106",2012,"1","1","1","1","1","1","1","1","1","1","1","1","1","1","1","1","1",1,0,"0"
"ENG1203107",2012,"1","1","1","1","1","1","1","1","1","1","1","1","1","1","1","1","1",1,0,"0"
"ENG1203108",2012,"1","1","1","1","1","1","1","1","1","1","1","1","1","1","1","1","1",1,0,"0"
"ENG1203110",2012,"1","1","1","1","1","1","1","1","1","1","1","1","1","1","1","1","1",1,0,"0"
"ENG1203111",2012,"1","1","1","1","1","1","1","1","1","1","1","1","1","1","1","1","1",1,0,"0"
"ENG1203112",2012,"1","1","1","1","1","1","1","1","1","1","1","1","1","1","1","1","1",1,0,"0"
"ENG1203113",2012,"1","1","1","1","1","1","1","1","1","1","1","1","1","1","1","1","1",1,0,"0"
"ENG1203114",2012,"1","1","1","1","1","1","1","1","1","1","1","1","1","1","1","1","1",1,0,"0"
"ENG1203115",2012,"1","1","1","1","1","1","1","1","1","1","1","1","1","1","1","1","1",1,0,"0"
"ENG1203116",2012,"1","1","1","1","1","1","1","1","1","1","1","1","1","1","1","1","1",1,0,"0"
"ENG1203117",2012,"1","1","1","1","1","1","1","1","1","1","1","1","1","1","1","1","1",1,0,"0"
"ENG1203118",2012,"1","1","1","1","1","1","1","1","1","1","1","1","1","1","1","1","1",1,0,"0"
"ENG1203119",2012,"1","1","1","1","1","1","1","1","1","1","1","1","1","1","1","1","1",1,0,"0"
"ENG1203120",2012,"1","1","1","1","1","1","1","1","1","1","1","1","1","1","1","1","1",1,0,"0"
"ENG1203121",2012,"1","1","1","1","1","1","1","1","1","1","1","1","1","1","1","1","1",1,0,"0"
"ENG1203122",2012,"1","1","1","1","1","1","1","1","1","1","1","1","1","1","1","1","1",1,0,"0"
"ENG1203123",2012,"1","1","1","1","1","1","1","1","1","1","1","1","1","1","1","1","1",1,0,"0"
"ENG1203124",2012,"1","1","1","1","1","1","1","1","1","1","1","1","1","1","1","1","1",1,0,"0"
"ENG1203125",2012,"1","1","1","1","1","1","1","1","1","1","1","1","1","1","1","1","1",1,0,"0"
"ENG1203126",2012,"1","1","1","1","1","1","1","1","1","1","1","1","1","1","1","1","1",1,0,"0"
"ENG1203127",2012,"1","1","1","1","1","1","1","1","1","1","1","1","1","1","1","1","1",1,0,"0"
"ENG1203128",2012,"1","1","1","1","1","1","1","1","1","1","1","1","1","1","1","1","1",1,0,"0"
"ENG1203129",2012,"1","1","1","1","1","1","1","1","1","1","1","1","1","1","1","1","1",1,0,"0"
"ENG1203130",2012,"1","1","1","1","1","1","1","1","1","1","1","1","1","1","1","1","1",1,0,"0"
"ENG1203131",2012,"1","1","1","1","1","1","1","1","1","1","1","1","1","1","1","1","1",1,0,"0"
"ENG1203134",2012,"1","1","1","1","1","1","1","1","1","1","1","1","1","1","1","1","1",1,0,"0"
"ENG1203136",2012,"1","1","1","1","1","1","1","1","1","1","1","1","1","1","1","1","1",1,0,"0"
"ENG1203137",2012,"1","1","1","1","1","1","1","1","1","1","1","1","1","1","1","1","1",1,0,"0"
"ENG1203138",2012,"1","1","1","1","1","1","1","1","1","1","1","1","1","1","1","1","1",1,0,"0"
"ENG1203139",2012,"1","1","1","1","1","1","1","1","1","1","1","1","1","1","1","1","1",1,0,"0"
"ENG1203140",2012,"1","1","1","1","1","1","1","1","1","1","1","1","1","1","1","1","1",1,0,"0"
"ENG1203141",2012,"1","1","1","1","1","1","1","1","1","1","1","1","1","1","1","1","1",1,0,"0"
"ENG1203142",2012,"1","1","1","1","1","1","1","1","1","1","1","1","1","1","1","1","1",1,0,"0"
"ENG1203143",2012,"1","1","1","1","1","1","1","1","1","1","1","1","1","1","1","1","1",1,0,"0"
"ENG1203144",2012,"1","1","1","1","1","1","1","1","1","1","1","1","1","1","1","1","1",1,0,"0"
"ENG1203145",2012,"1","1","1","1","1","1","1","1","1","1","1","1","1","1","1","1","1",1,0,"0"
"ENG1203146",2012,"1","1","1","1","1","1","1","1","1","1","1","1","1","1","1","1","1",1,0,"0"
"ENG1203148",2012,"1","1","1","1","1","1","1","1","1","1","1","1","1","1","1","1","1",1,0,"0"
"ENG1203149",2012,"1","1","1","1","1","1","1","1","1","1","1","1","1","1","1","1","1",1,0,"0"
"ENG1203150",2012,"1","1","1","1","1","1","1","1","1","1","1","1","1","1","1","1","1",1,0,"0"
"ENG1102471",2012,"1","1","1","1","1","1","1","1","1","1","1","1","1","1","1","1","1",1,0,"0"
"ENG1102480",2012,"1","1","1","1","1","0","0","0","0","0","0","0","0","0","0","0","0",1,1,"0"
"ENG1102492",2012,"1","0","0","0","1","0","1","1","0","0","0","0","0","0","0","0","0",1,1,"0"
"ENG1102525",2012,"0","0","1","1","1","1","1","1","0","0","0","0","0","0","0","0","0",1,1,"0"
"ENG1102542",2012,"0","0","1","0","0","0","1","1","0","0","0","0","1","0","1","0","0",1,1,"0"
"ENG1102545",2012,"0","0","0","0","0","0","0","1","0","0","0","1","0","0","1","0","0",1,1,"0"
"ENG1106028",2012,"0","0","0","0","0","0","0","1","0","0","0","1","0","1","1","1","0",1,1,"0"
"ENG1106647",2012,"0","0","0","0","0","0","0","0","0","0","0","0","0","0","0","0","0",1,1,"0"
"ENG1002557",2012,"1","1","1","1","1","1","1","1","1","1","1","1","1","1","1","1","1",1,0,"0"
"ENG1206392",2012,"1","1","1","1","1","1","1","1","1","1","1","1","1","1","1","1","1",1,0,"0"
"ENG1206393",2012,"0","0","1","1","1","0","0","0","0","0","0","1","0","0","0","0","0",1,1,"0"
"ENG1203076",2013,"0","0","1","0","0","1","0","1","0","0","0","1","0","0","0","0","0",1,1,"0"
"ENG1203069",2013,"0","0","0","0","0","0","0","1","0","0","0","1","1","0","0","0","0",1,1,"0"
"ENG1203093",2013,"0","0","1","1","1","0","0","0","1","0","1","1","1","0","0","0","0",1,1,"0"
"ENG1206119",2013,"0","0","1","0","1","1","0","1","0","1","0","0","1","0","1","0","1",1,1,"0"
"ENG1206393",2013,"0","0","1","1","1","0","0","0","0","0","0","1","0","0","0","0","0",1,1,"0"
"ENG1203144",2013,"0","0","1","0","1","1","1","0","0","0","0","0","1","0","0","0","0",1,1,"0"
"ENG1203140",2013,"0","0","1","0","1","1","0","0","0","0","0","0","0","0","1","0","0",1,1,"0"
"ENG1203121",2013,"0","0","0","0","0","0","0","1","0","0","0","0","0","0","0","0","1",1,1,"0"
"ENG1203120",2013,"1","0","0","0","0","0","0","0","0","0","0","1","1","1","0","0","0",1,1,"0"
"ENG1203116",2013,"0","0","1","0","0","1","0","0","0","0","0","0","0","0","1","0","0",1,1,"0"
"ENG1203113",2013,"0","0","1","0","1","0","0","0","0","0","0","0","0","0","1","0","0",1,1,"0"
"ENG1203108",2013,"0","0","0","0","1","0","1","0","0","0","0","0","1","1","1","0","0",1,1,"0"
"ENG1203102",2013,"0","0","0","0","0","0","1","1","0","0","0","1","0","0","0","0","1",1,1,"0"
"ENG1203099",2013,"1","0","0","0","0","1","0","0","0","0","0","0","0","0","1","0","0",1,1,"0"
"ENG1203100",2013,"0","0","1","0","1","1","0","0","0","0","0","0","1","0","0","0","0",1,1,"0"
"ENG1203096",2013,"0","0","1","0","1","1","0","1","0","0","0","1","1","0","0","0","0",1,1,"0"
"ENG1203081",2013,"0","0","0","1","0","1","0","1","0","0","0","0","0","0","0","0","0",1,1,"0"
"ENG1306692",2013,"1","1","1","1","1","1","1","1","1","1","1","1","1","1","1","1","1",1,0,"0"
"ENG1303654",2013,"1","1","1","1","1","1","1","1","1","1","1","1","1","1","1","1","1",1,0,"0"
"ENG1203064",2013,"0","0","1","1","1","0","0","0","0","0","0","1","1","0","0","0","0",1,1,"0"
"ENG1203063",2013,"0","0","1","0","1","1","1","1","0","0","0","1","0","1","0","0","0",1,1,"0"
"ENG1203106",2013,"0","0","1","0","0","0","0","1","0","0","0","0","1","0","0","0","0",1,1,"0"
"ENG1206119",2012,"0","0","1","0","1","1","0","1","0","1","0","0","1","0","1","0","1",1,1,"0"
"ENG1306695",2013,"1","1","1","1","1","1","1","1","1","1","1","1","1","1","1","1","1",1,0,"0"
"ENG1306693",2013,"1","1","1","1","1","1","1","1","1","1","1","1","1","1","1","1","1",1,0,"0"
"ENG1306691",2013,"1","1","1","1","1","1","1","1","1","1","1","1","1","1","1","1","1",1,0,"0"
"ENG1303696",2013,"1","1","1","1","1","1","1","1","1","1","1","1","1","1","1","1","1",1,0,"0"
"ENG1303694",2013,"1","1","1","1","1","1","1","1","1","1","1","1","1","1","1","1","1",1,0,"0"
"ENG1303693",2013,"1","1","1","1","1","1","1","1","1","1","1","1","1","1","1","1","1",1,0,"0"
"ENG1303692",2013,"1","1","1","1","1","1","1","1","1","1","1","1","1","1","1","1","1",1,0,"0"
"ENG1303690",2013,"1","1","1","1","1","1","1","1","1","1","1","1","1","1","1","1","1",1,0,"0"
"ENG1303689",2013,"1","1","1","1","1","1","1","1","1","1","1","1","1","1","1","1","1",1,0,"0"
"ENG1303688",2013,"1","1","1","1","1","1","1","1","1","1","1","1","1","1","1","1","1",1,0,"0"
"ENG1303687",2013,"1","1","1","1","1","1","1","1","1","1","1","1","1","1","1","1","1",1,0,"0"
"ENG1303685",2013,"1","1","1","1","1","1","1","1","1","1","1","1","1","1","1","1","1",1,0,"0"
"ENG1303684",2013,"1","1","1","1","1","1","1","1","1","1","1","1","1","1","1","1","1",1,0,"0"
"ENG1303683",2013,"1","1","1","1","1","1","1","1","1","1","1","1","1","1","1","1","1",1,0,"0"
"ENG1303682",2013,"1","1","1","1","1","1","1","1","1","1","1","1","1","1","1","1","1",1,0,"0"
"ENG1303680",2013,"1","1","1","1","1","1","1","1","1","1","1","1","1","1","1","1","1",1,0,"0"
"ENG1303677",2013,"1","1","1","1","1","1","1","1","1","1","1","1","1","1","1","1","1",1,0,"0"
"ENG1303676",2013,"1","1","1","1","1","1","1","1","1","1","1","1","1","1","1","1","1",1,0,"0"
"ENG1303697",2013,"1","1","1","1","1","1","1","1","1","1","1","1","1","1","1","1","1",1,0,"0"
"ENG1306685",2013,"1","1","1","1","1","1","1","1","1","1","1","1","1","1","1","1","1",1,0,"0"
"ENG1306688",2013,"1","1","1","1","1","1","1","1","1","1","1","1","1","1","1","1","1",1,0,"0"
"ENG1303629",2013,"1","1","1","1","1","1","1","1","1","1","1","1","1","1","1","1","1",1,0,"0"
"ENG1303627",2013,"1","1","1","1","1","1","1","1","1","1","1","1","1","1","1","1","1",1,0,"0"
"ENG1303626",2013,"1","1","1","1","1","1","1","1","1","1","1","1","1","1","1","1","1",1,0,"0"
"ENG1303625",2013,"1","1","1","1","1","1","1","1","1","1","1","1","1","1","1","1","1",1,0,"0"
"ENG1303624",2013,"1","1","1","1","1","1","1","1","1","1","1","1","1","1","1","1","1",1,0,"0"
"ENG1303623",2013,"1","1","1","1","1","1","1","1","1","1","1","1","1","1","1","1","1",1,0,"0"
"ENG1303622",2013,"1","1","1","1","1","1","1","1","1","1","1","1","1","1","1","1","1",1,0,"0"
"ENG1303621",2013,"1","1","1","1","1","1","1","1","1","1","1","1","1","1","1","1","1",1,0,"0"
"ENG1303620",2013,"1","1","1","1","1","1","1","1","1","1","1","1","1","1","1","1","1",1,0,"0"
"ENG1303619",2013,"1","1","1","1","1","1","1","1","1","1","1","1","1","1","1","1","1",1,0,"0"
"ENG1303618",2013,"1","1","1","1","1","1","1","1","1","1","1","1","1","1","1","1","1",1,0,"0"
"ENG1303617",2013,"1","1","1","1","1","1","1","1","1","1","1","1","1","1","1","1","1",1,0,"0"
"ENG1303616",2013,"1","1","1","1","1","1","1","1","1","1","1","1","1","1","1","1","1",1,0,"0"
"ENG1303615",2013,"1","1","1","1","1","1","1","1","1","1","1","1","1","1","1","1","1",1,0,"0"
"ENG1303613",2013,"1","1","1","1","1","1","1","1","1","1","1","1","1","1","1","1","1",1,0,"0"
"ENG1303612",2013,"1","1","1","1","1","1","1","1","1","1","1","1","1","1","1","1","1",1,0,"0"
"ENG1303611",2013,"1","1","1","1","1","1","1","1","1","1","1","1","1","1","1","1","1",1,0,"0"
"ENG1303610",2013,"1","1","1","1","1","1","1","1","1","1","1","1","1","1","1","1","1",1,0,"0"
"ENG1303609",2013,"1","1","1","1","1","1","1","1","1","1","1","1","1","1","1","1","1",1,0,"0"
"ENG1303608",2013,"1","1","1","1","1","1","1","1","1","1","1","1","1","1","1","1","1",1,0,"0"
"ENG1306689",2013,"1","1","1","1","1","1","1","1","1","1","1","1","1","1","1","1","1",1,0,"0"
"ENG1306690",2013,"1","1","1","1","1","1","1","1","1","1","1","1","1","1","1","1","1",1,0,"0"
"ENG1306696",2013,"1","1","1","1","1","1","1","1","1","1","1","1","1","1","1","1","1",1,0,"0"
"ENG1303628",2013,"1","1","1","1","1","1","1","1","1","1","1","1","1","1","1","1","1",1,0,"0"
"ENG1306697",2013,"1","1","1","1","1","1","1","1","1","1","1","1","1","1","1","1","1",1,0,"0"
"ENG1303633",2013,"1","1","1","1","1","1","1","1","1","1","1","1","1","1","1","1","1",1,0,"0"
"ENG1303650",2013,"1","1","1","1","1","1","1","1","1","1","1","1","1","1","1","1","1",1,0,"0"
"ENG1303652",2013,"1","1","1","1","1","1","1","1","1","1","1","1","1","1","1","1","1",1,0,"0"
"ENG1303657",2013,"1","1","1","1","1","1","1","1","1","1","1","1","1","1","1","1","1",1,0,"0"
"ENG1303664",2013,"1","1","1","1","1","1","1","1","1","1","1","1","1","1","1","1","1",1,0,"0"
"ENG1303667",2013,"1","1","1","1","1","1","1","1","1","1","1","1","1","1","1","1","1",1,0,"0"
"ENG1303673",2013,"1","1","1","1","1","1","1","1","1","1","1","1","1","1","1","1","1",1,0,"0"
"ENG1303678",2013,"1","1","1","1","1","1","1","1","1","1","1","1","1","1","1","1","1",1,0,"0"
"ENG1303679",2013,"1","1","1","1","1","1","1","1","1","1","1","1","1","1","1","1","1",1,0,"0"
"ENG1303691",2013,"1","1","1","1","1","1","1","1","1","1","1","1","1","1","1","1","1",1,0,"0"
"ENG1303675",2013,"1","1","1","1","1","1","1","1","1","1","1","1","1","1","1","1","1",1,0,"0"
"ENG1303672",2013,"1","1","1","1","1","1","1","1","1","1","1","1","1","1","1","1","1",1,0,"0"
"ENG1303669",2013,"1","1","1","1","1","1","1","1","1","1","1","1","1","1","1","1","1",1,0,"0"
"ENG1303668",2013,"1","1","1","1","1","1","1","1","1","1","1","1","1","1","1","1","1",1,0,"0"
"ENG1303666",2013,"1","1","1","1","1","1","1","1","1","1","1","1","1","1","1","1","1",1,0,"0"
"ENG1303665",2013,"1","1","1","1","1","1","1","1","1","1","1","1","1","1","1","1","1",1,0,"0"
"ENG1303662",2013,"1","1","1","1","1","1","1","1","1","1","1","1","1","1","1","1","1",1,0,"0"
"ENG1303661",2013,"1","1","1","1","1","1","1","1","1","1","1","1","1","1","1","1","1",1,0,"0"
"ENG1303660",2013,"1","1","1","1","1","1","1","1","1","1","1","1","1","1","1","1","1",1,0,"0"
"ENG1303659",2013,"1","1","1","1","1","1","1","1","1","1","1","1","1","1","1","1","1",1,0,"0"
"ENG1303651",2013,"1","1","1","1","1","1","1","1","1","1","1","1","1","1","1","1","1",1,0,"0"
"ENG1303649",2013,"1","1","1","1","1","1","1","1","1","1","1","1","1","1","1","1","1",1,0,"0"
"ENG1303648",2013,"1","1","1","1","1","1","1","1","1","1","1","1","1","1","1","1","1",1,0,"0"
"ENG1303646",2013,"1","1","1","1","1","1","1","1","1","1","1","1","1","1","1","1","1",1,0,"0"
"ENG1303645",2013,"1","1","1","1","1","1","1","1","1","1","1","1","1","1","1","1","1",1,0,"0"
"ENG1303643",2013,"1","1","1","1","1","1","1","1","1","1","1","1","1","1","1","1","1",1,0,"0"
"ENG1303640",2013,"1","1","1","1","1","1","1","1","1","1","1","1","1","1","1","1","1",1,0,"0"
"ENG1303639",2013,"1","1","1","1","1","1","1","1","1","1","1","1","1","1","1","1","1",1,0,"0"
"ENG1303638",2013,"1","1","1","1","1","1","1","1","1","1","1","1","1","1","1","1","1",1,0,"0"
"ENG1303636",2013,"1","1","1","1","1","1","1","1","1","1","1","1","1","1","1","1","1",1,0,"0"
"ENG1303635",2013,"1","1","1","1","1","1","1","1","1","1","1","1","1","1","1","1","1",1,0,"0"
"ENG1303634",2013,"1","1","1","1","1","1","1","1","1","1","1","1","1","1","1","1","1",1,0,"0"
"ENG1303632",2013,"1","1","1","1","1","1","1","1","1","1","1","1","1","1","1","1","1",1,0,"0"
"ENG1303631",2013,"1","1","1","1","1","1","1","1","1","1","1","1","1","1","1","1","1",1,0,"0"
"ENG1203147",2013,"0","0","1","0","1","1","1","1","0","0","0","0","1","1","0","0","0",1,1,"0"
"ENG1206117",2013,"0","0","0","0","0","1","0","1","0","0","0","0","0","0","1","0","0",1,1,"0"
"ENG1203068",2013,"0","0","0","1","1","1","0","0","0","0","0","0","0","0","0","0","0",1,1,"0"
"ENG1203090",2013,"0","0","1","1","0","0","1","1","0","0","1","0","1","0","0","1","0",1,1,"0"
"ENG1203117",2013,"0","0","0","0","1","1","0","0","0","0","0","0","0","0","0","0","1",1,1,"0"
"ENG1203134",2013,"0","0","0","1","0","0","0","1","0","0","0","0","0","0","0","0","1",1,1,"0"
"ENG1303633",2014,"0","0","0","1","1","0","1","0","0","0","0","0","0","0","1","0","1",1,1,"0"
"ENG1303643",2014,"0","0","0","0","0","1","0","1","0","1","0","0","1","0","1","0","0",1,1,"0"
"ENG1403771",2014,"1","1","1","1","1","1","1","1","1","1","1","1","1","1","1","1","1",1,0,"0"
"ENG1403783",2014,"1","1","1","1","1","1","1","1","1","1","1","1","1","1","1","1","1",1,0,"0"
"ENG1303627",2014,"0","0","1","0","0","1","0","0","0","0","1","1","0","0","0","0","0",1,1,"0"
"ENG1403761",2014,"1","1","1","1","1","1","1","1","1","1","1","1","1","1","1","1","1",1,0,"0"
"ENG1407356",2014,"1","1","1","1","1","1","1","1","1","1","1","1","1","1","1","1","1",0,0,"0"
"ENG1303628",2014,"0","1","0","1","0","0","0","0","1","0","1","0","1","1","1","0","0",1,1,"0"
"ENG1403768",2014,"1","1","1","1","1","1","1","1","1","1","1","1","1","1","1","1","1",1,0,"0"
"ENG1403811",2014,"1","1","1","1","1","1","1","1","1","1","1","1","1","1","1","1","1",1,0,"0"
"ENG1407004",2014,"1","1","1","1","1","1","1","1","1","1","1","1","1","1","1","1","1",1,0,"0"
"ENG1503886",2015,"1","1","1","1","1","1","1","1","1","1","1","1","1","1","1","1","1",1,0,"0"
"ENG1503914",2015,"1","1","1","1","1","1","1","1","1","1","1","1","1","1","1","1","1",1,0,"0"
"ENG1503889",2015,"1","1","1","1","1","1","1","1","1","1","1","1","1","1","1","1","1",1,0,"0"
"ENG1503903",2015,"1","1","1","1","1","1","1","1","1","1","1","1","1","1","1","1","1",1,0,"0"
"ENG1503920",2015,"1","1","1","1","1","1","1","1","1","1","1","1","1","1","1","1","1",1,0,"0"
"ENG1503896",2015,"1","1","1","1","1","1","1","1","1","1","1","1","1","1","1","1","1",1,0,"0"
"ENG1503943",2015,"1","1","1","1","1","1","1","1","1","1","1","1","1","1","1","1","1",1,0,"0"
"ENG1503941",2015,"1","1","1","1","1","1","1","1","1","1","1","1","1","1","1","1","1",1,0,"0"
"ENG1503935",2015,"1","1","1","1","1","1","1","1","1","1","1","1","1","1","1","1","1",1,0,"0"
"ENG1503929",2015,"1","1","1","1","1","1","1","1","1","1","1","1","1","1","1","1","1",1,0,"0"
"ENG1503942",2015,"1","1","1","1","1","1","1","1","1","1","1","1","1","1","1","1","1",1,0,"0"
"ENG1507774",2015,"1","1","1","1","1","1","1","1","1","1","1","1","1","1","1","1","1",1,0,"0"
"ENG1503918",2015,"1","1","1","1","1","1","1","1","1","1","1","1","1","1","1","1","1",1,0,"0"
"ENG1507783",2015,"1","1","1","1","1","1","1","1","1","1","1","1","1","1","1","1","1",1,0,"0"
"ENG1503926",2015,"1","1","1","1","1","1","1","1","1","1","1","1","1","1","1","1","1",1,0,"0"
"ENG1503890",2015,"1","1","1","1","1","1","1","1","1","1","1","1","1","1","1","1","1",1,0,"0"
"ENG1503925",2015,"1","1","1","1","1","1","1","1","1","1","1","1","1","1","1","1","1",1,0,"0"
"ENG1503901",2015,"1","1","1","1","1","1","1","1","1","1","1","1","1","1","1","1","1",1,0,"0"
"ENG1503923",2015,"1","1","1","1","1","1","1","1","1","1","1","1","1","1","1","1","1",1,0,"0"
"ENG1503939",2015,"1","1","1","1","1","1","1","1","1","1","1","1","1","1","1","1","1",1,0,"0"
"ENG1507776",2015,"1","1","1","1","1","1","1","1","1","1","1","1","1","1","1","1","1",1,0,"0"
"ENG1507775",2015,"1","1","1","1","1","1","1","1","1","1","1","1","1","1","1","1","1",1,0,"0"
"ENG1503899",2015,"1","1","1","1","1","1","1","1","1","1","1","1","1","1","1","1","1",1,0,"0"
"ENG1503892",2015,"1","1","1","1","1","1","1","1","1","1","1","1","1","1","1","1","1",1,0,"0"
"ENG1503928",2015,"1","1","1","1","1","1","1","1","1","1","1","1","1","1","1","1","1",1,0,"0"
"ENG1503913",2015,"1","1","1","1","1","1","1","1","1","1","1","1","1","1","1","1","1",1,0,"0"
"ENG1503888",2015,"1","1","1","1","1","1","1","1","1","1","1","1","1","1","1","1","1",1,0,"0"
"ENG1503936",2015,"1","1","1","1","1","1","1","1","1","1","1","1","1","1","1","1","1",1,0,"0"
"ENG1503904",2015,"1","1","1","1","1","1","1","1","1","1","1","1","1","1","1","1","1",1,0,"0"
"ENG1503927",2015,"1","1","1","1","1","1","1","1","1","1","1","1","1","1","1","1","1",1,0,"0"
"ENG1503937",2015,"1","1","1","1","1","1","1","1","1","1","1","1","1","1","1","1","1",1,0,"0"
"ENG1406995",2014,"1","1","1","1","1","1","1","1","1","1","1","1","1","1","1","1","1",1,0,"0"
"ENG1407014",2014,"1","1","1","1","1","1","1","1","1","1","1","1","1","1","1","1","1",1,0,"0"
"ENG1403775",2014,"1","1","1","1","1","1","1","1","1","1","1","1","1","1","1","1","1",1,0,"0"
"ENG1406990",2014,"1","1","1","1","1","1","1","1","1","1","1","1","1","1","1","1","1",1,0,"0"
"ENG1403769",2014,"1","1","1","1","1","1","1","1","1","1","1","1","1","1","1","1","1",1,0,"0"
"ENG1403817",2014,"1","1","1","1","1","1","1","1","1","1","1","1","1","1","1","1","1",1,0,"0"
"ENG1403774",2014,"1","1","1","1","1","1","1","1","1","1","1","1","1","1","1","1","1",1,0,"0"
"ENG1403778",2014,"1","1","1","1","1","1","1","1","1","1","1","1","1","1","1","1","1",1,0,"0"
"ENG1403789",2014,"1","1","1","1","1","1","1","1","1","1","1","1","1","1","1","1","1",1,0,"0"
"ENG1407012",2014,"1","1","1","1","1","1","1","1","1","1","1","1","1","1","1","1","1",1,0,"0"
"ENG1403760",2014,"1","1","1","1","1","1","1","1","1","1","1","1","1","1","1","1","1",1,0,"0"
"ENG1407002",2014,"1","1","1","1","1","1","1","1","1","1","1","1","1","1","1","1","1",1,0,"0"
"ENG1407010",2014,"1","1","1","1","1","1","1","1","1","1","1","1","1","1","1","1","1",1,0,"0"
"ENG1407005",2014,"1","1","1","1","1","1","1","1","1","1","1","1","1","1","1","1","1",1,0,"0"
"ENG1403790",2014,"1","1","1","1","1","1","1","1","1","1","1","1","1","1","1","1","1",1,0,"0"
"ENG1403792",2014,"1","1","1","1","1","1","1","1","1","1","1","1","1","1","1","1","1",1,0,"0"
"ENG1403821",2014,"1","1","1","1","1","1","1","1","1","1","1","1","1","1","1","1","1",1,0,"0"
"ENG1403773",2014,"1","1","1","1","1","1","1","1","1","1","1","1","1","1","1","1","1",1,0,"0"
"ENG1403757",2014,"1","1","1","1","1","1","1","1","1","1","1","1","1","1","1","1","1",1,0,"0"
"ENG1403785",2014,"1","1","1","1","1","1","1","1","1","1","1","1","1","1","1","1","1",1,0,"0"
"ENG1403820",2014,"1","1","1","1","1","1","1","1","1","1","1","1","1","1","1","1","1",1,0,"0"
"ENG1403753",2014,"1","1","1","1","1","1","1","1","1","1","1","1","1","1","1","1","1",1,0,"0"
"ENG1403819",2014,"1","1","1","1","1","1","1","1","1","1","1","1","1","1","1","1","1",1,0,"0"
"ENG1403777",2014,"1","1","1","1","1","1","1","1","1","1","1","1","1","1","1","1","1",1,0,"0"
"ENG1403816",2014,"1","1","1","1","1","1","1","1","1","1","1","1","1","1","1","1","1",1,0,"0"
"ENG1403798",2014,"1","1","1","1","1","1","1","1","1","1","1","1","1","1","1","1","1",1,0,"0"
"ENG1403801",2014,"1","1","1","1","1","1","1","1","1","1","1","1","1","1","1","1","1",1,0,"0"
"ENG1403748",2014,"1","1","1","1","1","1","1","1","1","1","1","1","1","1","1","1","1",1,0,"0"
"ENG1403807",2014,"1","1","1","1","1","1","1","1","1","1","1","1","1","1","1","1","1",1,0,"0"
"ENG1403779",2014,"1","1","1","1","1","1","1","1","1","1","1","1","1","1","1","1","1",1,0,"0"
"ENG1403750",2014,"1","1","1","1","1","1","1","1","1","1","1","1","1","1","1","1","1",1,0,"0"
"ENG1403772",2014,"1","1","1","1","1","1","1","1","1","1","1","1","1","1","1","1","1",1,0,"0"
"ENG1403765",2014,"1","1","1","1","1","1","1","1","1","1","1","1","1","1","1","1","1",1,0,"0"
"ENG1403759",2014,"1","1","1","1","1","1","1","1","1","1","1","1","1","1","1","1","1",1,0,"0"
"ENG1403746",2014,"1","1","1","1","1","1","1","1","1","1","1","1","1","1","1","1","1",1,0,"0"
"ENG1503931",2015,"1","1","1","1","1","1","1","1","1","1","1","1","1","1","1","1","1",1,0,"0"
"ENG1503895",2015,"1","1","1","1","1","1","1","1","1","1","1","1","1","1","1","1","1",1,0,"0"
"ENG1503932",2015,"1","1","1","1","1","1","1","1","1","1","1","1","1","1","1","1","1",1,0,"0"
"ENG1503910",2015,"1","1","1","1","1","1","1","1","1","1","1","1","1","1","1","1","1",1,0,"0"
"ENG1503907",2015,"1","1","1","1","1","1","1","1","1","1","1","1","1","1","1","1","1",1,0,"0"
"ENG1503911",2015,"1","1","1","1","1","1","1","1","1","1","1","1","1","1","1","1","1",1,0,"0"
"ENG1503881",2015,"1","1","1","1","1","1","1","1","1","1","1","1","1","1","1","1","1",1,0,"0"
"ENG1503902",2015,"1","1","1","1","1","1","1","1","1","1","1","1","1","1","1","1","1",1,0,"0"
"ENG1503933",2015,"1","1","1","1","1","1","1","1","1","1","1","1","1","1","1","1","1",1,0,"0"
"ENG1503906",2015,"1","1","1","1","1","1","1","1","1","1","1","1","1","1","1","1","1",1,0,"0"
"ENG1503885",2015,"1","1","1","1","1","1","1","1","1","1","1","1","1","1","1","1","1",1,0,"0"
"ENG1503898",2015,"1","1","1","1","1","1","1","1","1","1","1","1","1","1","1","1","1",1,0,"0"
"ENG1503884",2015,"1","1","1","1","1","1","1","1","1","1","1","1","1","1","1","1","1",1,0,"0"
"ENG1503934",2015,"1","1","1","1","1","1","1","1","1","1","1","1","1","1","1","1","1",1,0,"0"
"ENG1503891",2015,"1","1","1","1","1","1","1","1","1","1","1","1","1","1","1","1","1",1,0,"0"
"ENG1503940",2015,"1","1","1","1","1","1","1","1","1","1","1","1","1","1","1","1","1",1,0,"0"
"ENG1503909",2015,"1","1","1","1","1","1","1","1","1","1","1","1","1","1","1","1","1",1,0,"0"
"ENG1500002",2015,"1","1","1","1","1","1","1","1","1","1","1","1","1","1","1","1","1",1,0,"0"
"ENG1503921",2015,"1","1","1","1","1","1","1","1","1","1","1","1","1","1","1","1","1",1,0,"0"
"ENG1503887",2015,"1","1","1","1","1","1","1","1","1","1","1","1","1","1","1","1","1",1,0,"0"
"ENG1503912",2015,"1","1","1","1","1","1","1","1","1","1","1","1","1","1","1","1","1",1,0,"0"
"ENG1503905",2015,"1","1","1","1","1","1","1","1","1","1","1","1","1","1","1","1","1",1,0,"0"
"ENG1503916",2015,"1","1","1","1","1","1","1","1","1","1","1","1","1","1","1","1","1",1,0,"0"
"ENG1503915",2015,"1","1","1","1","1","1","1","1","1","1","1","1","1","1","1","1","1",1,0,"0"
"ENG1503944",2015,"1","1","1","1","1","1","1","1","1","1","1","1","1","1","1","1","1",1,0,"0"
"ENG1507780",2015,"1","1","1","1","1","1","1","1","1","1","1","1","1","1","1","1","1",1,0,"0"
"ENG1503945",2015,"1","1","1","1","1","1","1","1","1","1","1","1","1","1","1","1","1",1,0,"0"
"ENG1507778",2015,"1","1","1","1","1","1","1","1","1","1","1","1","1","1","1","1","1",1,0,"0"
"ENG1503930",2015,"1","1","1","1","1","1","1","1","1","1","1","1","1","1","1","1","1",1,0,"0"
"ENG1503946",2015,"1","1","1","1","1","1","1","1","1","1","1","1","1","1","1","1","1",1,0,"0"
"ENG1503879",2015,"1","1","1","1","1","1","1","1","1","1","1","1","1","1","1","1","1",1,0,"0"
"ENG1503917",2015,"1","1","1","1","1","1","1","1","1","1","1","1","1","1","1","1","1",1,0,"0"
"ENG1503893",2015,"1","1","1","1","1","1","1","1","1","1","1","1","1","1","1","1","1",1,0,"0"
"ENG1503900",2015,"1","1","1","1","1","1","1","1","1","1","1","1","1","1","1","1","1",1,0,"0"
"ENG1503882",2015,"1","1","1","1","1","1","1","1","1","1","1","1","1","1","1","1","1",1,0,"0"
"ENG1503922",2015,"1","1","1","1","1","1","1","1","1","1","1","1","1","1","1","1","1",1,0,"0"
"ENG1503897",2015,"1","1","1","1","1","1","1","1","1","1","1","1","1","1","1","1","1",1,0,"0"
"ENG1406999",2015,"1","1","1","1","1","1","1","1","1","1","1","1","1","1","1","1","1",1,0,"0"
"ENG1503880",2015,"1","1","1","1","1","1","1","1","1","1","1","1","1","1","1","1","1",1,0,"0"
"ENG1403751",2015,"0","1","0","1","0","1","0","1","0","0","0","0","0","0","1","0","0",1,1,"0"
"ENG1403757",2015,"0","0","0","1","0","1","0","0","0","0","0","1","1","0","0","0","0",1,1,"0"
"ENG1403767",2015,"0","0","1","1","0","1","0","0","1","0","1","1","1","1","0","0","0",1,1,"0"
"ENG1403791",2015,"0","0","0","0","0","0","0","0","1","1","1","1","1","1","1","0","1",1,1,"0"
"ENG1403792",2015,"1","1","0","1","0","0","0","0","0","0","0","0","0","1","1","0","0",1,1,"0"
"ENG1407003",2015,"0","0","1","1","0","1","0","1","0","0","0","0","0","1","0","0","0",1,1,"0"
"ENG1403797",2015,"0","0","1","0","1","1","0","0","0","0","0","1","1","1","0","0","0",1,1,"0"
"ENG1407015",2015,"0","0","1","1","1","1","0","0","0","0","0","0","0","0","1","0","0",1,1,"0"
"ENG1407016",2015,"1","1","1","1","1","1","1","0","0","0","0","0","1","1","0","0","0",1,1,"0"
"ENG1403739",2015,"1","1","1","1","1","1","1","1","1","1","1","1","1","1","1","1","1",1,0,"0"
"ENG1403740",2015,"1","1","1","1","1","1","1","1","1","1","1","1","1","1","1","1","1",1,0,"0"
"ENG1403752",2015,"1","1","1","1","1","1","1","1","1","1","1","1","1","1","1","1","1",1,0,"0"
"ENG1406993",2015,"1","1","1","1","1","1","1","1","1","1","1","1","1","1","1","1","1",1,0,"0"
"ENG1407000",2015,"1","1","1","1","1","1","1","1","1","1","1","1","1","1","1","1","1",1,0,"0"
"ENG1403794",2015,"1","1","1","1","1","1","1","1","1","1","1","1","1","1","1","1","1",1,0,"0"
"ENG1303654",2015,"0","1","0","1","0","0","0","0","0","1","0","0","1","0","1","0","0",1,1,"0"
"ENG1503938",2015,"1","1","1","1","1","1","1","1","1","1","1","1","1","1","1","1","1",1,0,"0"
"ENG1503878",2015,"1","1","1","1","1","1","1","1","1","1","1","1","1","1","1","1","1",1,0,"0"
"ENG1503894",2015,"1","1","1","1","1","1","1","1","1","1","1","1","1","1","1","1","1",1,0,"0"
"ENG1503908",2015,"1","1","1","1","1","1","1","1","1","1","1","1","1","1","1","1","1",1,0,"0"
"ENG1503919",2015,"1","1","1","1","1","1","1","1","1","1","1","1","1","1","1","1","1",1,0,"0"
"ENG1403755",2014,"1","1","1","1","1","1","1","1","1","1","1","1","1","1","1","1","1",1,0,"0"
"ENG1403800",2014,"1","1","1","1","1","1","1","1","1","1","1","1","1","1","1","1","1",1,0,"0"
"ENG1403804",2014,"1","1","1","1","1","1","1","1","1","1","1","1","1","1","1","1","1",1,0,"0"
"ENG1403802",2014,"1","1","1","1","1","1","1","1","1","1","1","1","1","1","1","1","1",1,0,"0"
"ENG1403742",2014,"1","1","1","1","1","1","1","1","1","1","1","1","1","1","1","1","1",1,0,"0"
"ENG1403780",2014,"1","1","1","1","1","1","1","1","1","1","1","1","1","1","1","1","1",1,0,"0"
"ENG1403815",2014,"1","1","1","1","1","1","1","1","1","1","1","1","1","1","1","1","1",1,0,"0"
"ENG1303682",2014,"0","0","1","1","0","1","1","0","0","0","1","0","0","0","0","0","0",1,1,"0"
"ENG1403741",2014,"1","1","1","1","1","1","1","1","1","1","1","1","1","1","1","1","1",1,0,"0"
"ENG1403770",2014,"1","1","1","1","1","1","1","1","1","1","1","1","1","1","1","1","1",1,0,"0"
"ENG1403751",2014,"1","1","1","1","1","1","1","1","1","1","1","1","1","1","1","1","1",1,0,"0"
"ENG1403754",2014,"1","1","1","1","1","1","1","1","1","1","1","1","1","1","1","1","1",1,0,"0"
"ENG1403808",2014,"1","1","1","1","1","1","1","1","1","1","1","1","1","1","1","1","1",1,0,"0"
"ENG1403813",2014,"1","1","1","1","1","1","1","1","1","1","1","1","1","1","1","1","1",1,0,"0"
"ENG1403803",2014,"1","1","1","1","1","1","1","1","1","1","1","1","1","1","1","1","1",1,0,"0"
"ENG1403788",2014,"1","1","1","1","1","1","1","1","1","1","1","1","1","1","1","1","1",1,0,"0"
"ENG1403756",2014,"1","1","1","1","1","1","1","1","1","1","1","1","1","1","1","1","1",1,0,"0"
"ENG1403822",2014,"1","1","1","1","1","1","1","1","1","1","1","1","1","1","1","1","1",1,0,"0"
"ENG1303680",2014,"0","1","1","0","1","1","0","0","0","1","1","1","1","0","0","1","0",1,1,"0"
"ENG1403812",2014,"1","1","1","1","1","1","1","1","1","1","1","1","1","1","1","1","1",1,0,"0"
"ENG1403735",2014,"1","1","1","1","1","1","1","1","1","1","1","1","1","1","1","1","1",1,0,"0"
"ENG1403758",2014,"1","1","1","1","1","1","1","1","1","1","1","1","1","1","1","1","1",1,0,"0"
"ENG1406986",2014,"1","1","1","1","1","1","1","1","1","1","1","1","1","1","1","1","1",1,0,"0"
"ENG1403814",2014,"1","1","1","1","1","1","1","1","1","1","1","1","1","1","1","1","1",1,0,"0"
"ENG1403818",2014,"1","1","1","1","1","1","1","1","1","1","1","1","1","1","1","1","1",1,0,"0"
"ENG1407003",2014,"1","1","1","1","1","1","1","1","1","1","1","1","1","1","1","1","1",1,0,"0"
"ENG1407011",2014,"1","1","1","1","1","1","1","1","1","1","1","1","1","1","1","1","1",1,0,"0"
"ENG1303625",2014,"0","0","0","0","0","0","0","0","0","1","0","0","1","0","1","1","0",1,1,"0"
"ENG1303659",2014,"0","0","0","1","0","1","1","0","0","1","0","1","1","0","1","0","0",1,1,"0"
"ENG1303649",2014,"0","1","1","1","0","1","1","1","0","0","0","1","1","0","1","0","0",1,1,"0"
"ENG1303648",2014,"0","0","0","1","0","0","0","0","0","0","0","1","1","0","1","1","0",1,1,"0"
"ENG1406996",2014,"1","1","1","1","1","1","1","1","1","1","1","1","1","1","1","1","1",1,0,"0"
"ENG1403763",2014,"1","1","1","1","1","1","1","1","1","1","1","1","1","1","1","1","1",1,0,"0"
"ENG1403791",2014,"1","1","1","1","1","1","1","1","1","1","1","1","1","1","1","1","1",0,0,"0"
"ENG1406991",2014,"1","1","1","1","1","1","1","1","1","1","1","1","1","1","1","1","1",1,0,"0"
"ENG1403764",2014,"1","1","1","1","1","1","1","1","1","1","1","1","1","1","1","1","1",1,0,"0"
"ENG1407016",2014,"1","1","1","1","1","1","1","1","1","1","1","1","1","1","1","1","1",1,0,"0"
"ENG1407013",2014,"1","1","1","1","1","1","1","1","1","1","1","1","1","1","1","1","1",1,0,"0"
"ENG1407009",2014,"1","1","1","1","1","1","1","1","1","1","1","1","1","1","1","1","1",1,0,"0"
"ENG1403786",2014,"1","1","1","1","1","1","1","1","1","1","1","1","1","1","1","1","1",1,0,"0"
"ENG1403736",2014,"1","1","1","1","1","1","1","1","1","1","1","1","1","1","1","1","1",1,0,"0"
"ENG1403738",2014,"1","1","1","1","1","1","1","1","1","1","1","1","1","1","1","1","1",1,0,"0"
"ENG1403749",2014,"1","1","1","1","1","1","1","1","1","1","1","1","1","1","1","1","1",1,0,"0"
"ENG1403744",2014,"1","1","1","1","1","1","1","1","1","1","1","1","1","1","1","1","1",1,0,"0"
"ENG1403781",2014,"1","1","1","1","1","1","1","1","1","1","1","1","1","1","1","1","1",1,0,"0"
"ENG1403782",2014,"1","1","1","1","1","1","1","1","1","1","1","1","1","1","1","1","1",1,0,"0"
"ENG1403809",2014,"1","1","1","1","1","1","1","1","1","1","1","1","1","1","1","1","1",1,0,"0"
"ENG1403743",2014,"1","1","1","1","1","1","1","1","1","1","1","1","1","1","1","1","1",1,0,"0"
"ENG1403795",2014,"1","1","1","1","1","1","1","1","1","1","1","1","1","1","1","1","1",1,0,"0"
"ENG1403797",2014,"1","1","1","1","1","1","1","1","1","1","1","1","1","1","1","1","1",1,0,"0"
"ENG1403776",2014,"1","1","1","1","1","1","1","1","1","1","1","1","1","1","1","1","1",1,0,"0"
"ENG1403762",2014,"1","1","1","1","1","1","1","1","1","1","1","1","1","1","1","1","1",1,0,"0"
"ENG1403737",2014,"1","1","1","1","1","1","1","1","1","1","1","1","1","1","1","1","1",1,0,"0"
"ENG1403733",2014,"1","1","1","1","1","1","1","1","1","1","1","1","1","1","1","1","1",1,0,"0"
"ENG1403767",2014,"1","1","1","1","1","1","1","1","1","1","1","1","1","1","1","1","1",1,0,"0"
"ENG1403799",2014,"1","1","1","1","1","1","1","1","1","1","1","1","1","1","1","1","1",1,0,"0"
"ENG1403734",2014,"1","1","1","1","1","1","1","1","1","1","1","1","1","1","1","1","1",1,0,"0"
"ENG1403793",2014,"1","1","1","1","1","1","1","1","1","1","1","1","1","1","1","1","1",1,0,"0"
"ENG1403796",2014,"1","1","1","1","1","1","1","1","1","1","1","1","1","1","1","1","1",1,0,"0"
"ENG1403787",2014,"1","1","1","1","1","1","1","1","1","1","1","1","1","1","1","1","1",1,0,"0"
"ENG1403784",2014,"1","1","1","1","1","1","1","1","1","1","1","1","1","1","1","1","1",1,0,"0"
"ENG1407001",2014,"1","1","1","1","1","1","1","1","1","1","1","1","1","1","1","1","1",1,0,"0"
"ENG1403810",2014,"1","1","1","1","1","1","1","1","1","1","1","1","1","1","1","1","1",1,0,"0"
"ENG1407018",2014,"1","1","1","1","1","1","1","1","1","1","1","1","1","1","1","1","1",1,0,"0"
"ENG1406998",2014,"1","1","1","1","1","1","1","1","1","1","1","1","1","1","1","1","1",1,0,"0"
"ENG1407015",2014,"1","1","1","1","1","1","1","1","1","1","1","1","1","1","1","1","1",1,0,"0"
"ENG1507777",2015,"1","1","1","1","1","1","1","1","1","1","1","1","1","1","1","1","1",1,0,"0"
"ENG1507782",2015,"1","1","1","1","1","1","1","1","1","1","1","1","1","1","1","1","1",1,0,"0"
"ENG1507786",2015,"1","1","1","1","1","1","1","1","1","1","1","1","1","1","1","1","1",1,0,"0"
"ENG1508634",2015,"1","1","1","1","1","1","1","1","1","1","1","1","1","1","1","1","1",1,0,"0"
"ENG1508364",2015,"1","1","1","1","1","1","1","1","1","1","1","1","1","1","1","1","1",1,0,"0"
"ENG1604290",2016,"1","1","1","1","1","1","1","1","1","1","1","1","1","1","1","1","1",1,0,"0"
"ENG1604283",2016,"1","1","1","1","1","1","1","1","1","1","1","1","1","1","1","1","1",1,0,"0"
"ENG1604218",2016,"1","1","1","1","1","1","1","1","1","1","1","1","1","1","1","1","1",1,0,"0"
"ENG1604242",2016,"1","1","1","1","1","1","1","1","1","1","1","1","1","1","1","1","1",1,0,"0"
"ENG1604255",2016,"1","1","1","1","1","1","1","1","1","1","1","1","1","1","1","1","1",1,0,"0"
"ENG1604235",2016,"1","1","1","1","1","1","1","1","1","1","1","1","1","1","1","1","1",1,0,"0"
"ENG1604238",2016,"1","1","1","1","1","1","1","1","1","1","1","1","1","1","1","1","1",1,0,"0"
"ENG1604277",2016,"1","1","1","1","1","1","1","1","1","1","1","1","1","1","1","1","1",1,0,"0"
"ENG1604281",2016,"1","1","1","1","1","1","1","1","1","1","1","1","1","1","1","1","1",1,0,"0"
"ENG1604226",2016,"1","1","1","1","1","1","1","1","1","1","1","1","1","1","1","1","1",1,0,"0"
"ENG1604284",2016,"1","1","1","1","1","1","1","1","1","1","1","1","1","1","1","1","1",1,0,"0"
"ENG1604259",2016,"1","1","1","1","1","1","1","1","1","1","1","1","1","1","1","1","1",1,0,"0"
"ENG1604254",2016,"1","1","1","1","1","1","1","1","1","1","1","1","1","1","1","1","1",1,0,"0"
"ENG1604249",2016,"1","1","1","1","1","1","1","1","1","1","1","1","1","1","1","1","1",1,0,"0"
"ENG1503919",2016,"0","0","1","1","1","1","0","1","0","0","0","0","0","0","0","0","0",1,1,"0"
"ENG1604244",2016,"1","1","1","1","1","1","1","1","1","1","1","1","1","1","1","1","1",1,0,"0"
"ENG1604237",2016,"1","1","1","1","1","1","1","1","1","1","1","1","1","1","1","1","1",1,0,"0"
"ENG1604268",2016,"1","1","1","1","1","1","1","1","1","1","1","1","1","1","1","1","1",1,0,"0"
"ENG1608893",2016,"1","1","1","1","1","1","1","1","1","1","1","1","1","1","1","1","1",1,0,"0"
"ENG1604251",2016,"1","1","1","1","1","1","1","1","1","1","1","1","1","1","1","1","1",1,0,"0"
"ENG1604276",2016,"1","1","1","1","1","1","1","1","1","1","1","1","1","1","1","1","1",1,0,"0"
"ENG1604222",2016,"1","1","1","1","1","1","1","1","1","1","1","1","1","1","1","1","1",1,0,"0"
"ENG1604291",2016,"1","1","1","1","1","1","1","1","1","1","1","1","1","1","1","1","1",1,0,"0"
"ENG1604247",2016,"1","1","1","1","1","1","1","1","1","1","1","1","1","1","1","1","1",1,0,"0"
"ENG1604262",2016,"1","1","1","1","1","1","1","1","1","1","1","1","1","1","1","1","1",1,0,"0"
"ENG1604231",2016,"1","1","1","1","1","1","1","1","1","1","1","1","1","1","1","1","1",1,0,"0"
"ENG1604207",2016,"1","1","1","1","1","1","1","1","1","1","1","1","1","1","1","1","1",1,0,"0"
"ENG1604282",2016,"1","1","1","1","1","1","1","1","1","1","1","1","1","1","1","1","1",1,0,"0"
"ENG1604294",2016,"1","1","1","1","1","1","1","1","1","1","1","1","1","1","1","1","1",1,0,"0"
"ENG1604292",2016,"1","1","1","1","1","1","1","1","1","1","1","1","1","1","1","1","1",1,0,"0"
"ENG1604285",2016,"1","1","1","1","1","1","1","1","1","1","1","1","1","1","1","1","1",1,0,"0"
"ENG1604258",2016,"1","1","1","1","1","1","1","1","1","1","1","1","1","1","1","1","1",1,0,"0"
"ENG1604252",2016,"1","1","1","1","1","1","1","1","1","1","1","1","1","1","1","1","1",1,0,"0"
"ENG1604211",2016,"1","1","1","1","1","1","1","1","1","1","1","1","1","1","1","1","1",1,0,"0"
"ENG1604261",2016,"1","1","1","1","1","1","1","1","1","1","1","1","1","1","1","1","1",1,0,"0"
"ENG1604272",2016,"1","1","1","1","1","1","1","1","1","1","1","1","1","1","1","1","1",1,0,"0"
"ENG1608891",2016,"1","1","1","1","1","1","1","1","1","1","1","1","1","1","1","1","1",1,0,"0"
"ENG1604287",2016,"1","1","1","1","1","1","1","1","1","1","1","1","1","1","1","1","1",1,0,"0"
"ENG1604209",2016,"1","1","1","1","1","1","1","1","1","1","1","1","1","1","1","1","1",1,0,"0"
"ENG1604240",2016,"1","1","1","1","1","1","1","1","1","1","1","1","1","1","1","1","1",1,0,"0"
"ENG1604225",2016,"1","1","1","1","1","1","1","1","1","1","1","1","1","1","1","1","1",1,0,"0"
"ENG1604229",2016,"1","1","1","1","1","1","1","1","1","1","1","1","1","1","1","1","1",1,0,"0"
"ENG1604256",2016,"1","1","1","1","1","1","1","1","1","1","1","1","1","1","1","1","1",1,0,"0"
"ENG1604230",2016,"1","1","1","1","1","1","1","1","1","1","1","1","1","1","1","1","1",1,0,"0"
"ENG1604228",2016,"1","1","1","1","1","1","1","1","1","1","1","1","1","1","1","1","1",1,0,"0"
"ENG1604265",2016,"1","1","1","1","1","1","1","1","1","1","1","1","1","1","1","1","1",1,0,"0"
"ENG1604264",2016,"1","1","1","1","1","1","1","1","1","1","1","1","1","1","1","1","1",1,0,"0"
"ENG1604216",2016,"1","1","1","1","1","1","1","1","1","1","1","1","1","1","1","1","1",1,0,"0"
"ENG1604213",2016,"1","1","1","1","1","1","1","1","1","1","1","1","1","1","1","1","1",1,0,"0"
"ENG1604217",2016,"1","1","1","1","1","1","1","1","1","1","1","1","1","1","1","1","1",1,0,"0"
"ENG1604260",2016,"1","1","1","1","1","1","1","1","1","1","1","1","1","1","1","1","1",1,0,"0"
"ENG1604293",2016,"1","1","1","1","1","1","1","1","1","1","1","1","1","1","1","1","1",1,0,"0"
"ENG1604250",2016,"1","1","1","1","1","1","1","1","1","1","1","1","1","1","1","1","1",1,0,"0"
"ENG1604234",2016,"1","1","1","1","1","1","1","1","1","1","1","1","1","1","1","1","1",1,0,"0"
"ENG1604221",2016,"1","1","1","1","1","1","1","1","1","1","1","1","1","1","1","1","1",1,0,"0"
"ENG1604271",2016,"1","1","1","1","1","1","1","1","1","1","1","1","1","1","1","1","1",1,0,"0"
"ENG1604245",2016,"1","1","1","1","1","1","1","1","1","1","1","1","1","1","1","1","1",1,0,"0"
"ENG1604280",2016,"1","1","1","1","1","1","1","1","1","1","1","1","1","1","1","1","1",1,0,"0"
"ENG1604227",2016,"1","1","1","1","1","1","1","1","1","1","1","1","1","1","1","1","1",1,0,"0"
"ENG1604266",2016,"1","1","1","1","1","1","1","1","1","1","1","1","1","1","1","1","1",1,0,"0"
"ENG1604275",2016,"1","1","1","1","1","1","1","1","1","1","1","1","1","1","1","1","1",1,0,"0"
"ENG1604286",2016,"1","1","1","1","1","1","1","1","1","1","1","1","1","1","1","1","1",1,0,"0"
"ENG1604267",2016,"1","1","1","1","1","1","1","1","1","1","1","1","1","1","1","1","1",1,0,"0"
"ENG1604215",2016,"1","1","1","1","1","1","1","1","1","1","1","1","1","1","1","1","1",1,0,"0"
"ENG1604253",2016,"1","1","1","1","1","1","1","1","1","1","1","1","1","1","1","1","1",1,0,"0"
"ENG1604241",2016,"1","1","1","1","1","1","1","1","1","1","1","1","1","1","1","1","1",1,0,"0"
"ENG1604214",2016,"1","1","1","1","1","1","1","1","1","1","1","1","1","1","1","1","1",1,0,"0"
"ENG1604279",2016,"1","1","1","1","1","1","1","1","1","1","1","1","1","1","1","1","1",1,0,"0"
"ENG1604232",2016,"1","1","1","1","1","1","1","1","1","1","1","1","1","1","1","1","1",1,0,"0"
"ENG1604210",2016,"1","1","1","1","1","1","1","1","1","1","1","1","1","1","1","1","1",1,0,"0"
"ENG1604243",2016,"1","1","1","1","1","1","1","1","1","1","1","1","1","1","1","1","1",1,0,"0"
"ENG1604224",2016,"1","1","1","1","1","1","1","1","1","1","1","1","1","1","1","1","1",1,0,"0"
"ENG1604288",2016,"1","1","1","1","1","1","1","1","1","1","1","1","1","1","1","1","1",1,0,"0"
"ENG1604248",2016,"1","1","1","1","1","1","1","1","1","1","1","1","1","1","1","1","1",1,0,"0"
"ENG1604273",2016,"1","1","1","1","1","1","1","1","1","1","1","1","1","1","1","1","1",1,0,"0"
"ENG1507777",2016,"0","0","0","1","1","0","0","1","0","0","0","1","1","1","0","0","1",1,1,"0"
"ENG1507778",2016,"1","1","0","0","1","1","0","0","0","0","0","1","1","1","0","0","0",1,1,"0"
"ENG1508364",2016,"0","0","0","1","1","0","0","0","0","0","0","1","0","0","1","0","0",1,1,"0"
"ENG1508363",2016,"0","0","0","0","1","1","0","0","0","0","0","1","0","1","0","0","1",1,1,"0"
"ENG1608890",2016,"1","1","1","1","1","1","1","1","1","1","1","1","1","1","1","1","1",1,0,"0"
"ENG1604220",2016,"1","1","1","1","1","1","1","1","1","1","1","1","1","1","1","1","1",1,0,"0"
"ENG1604233",2016,"1","1","1","1","1","1","1","1","1","1","1","1","1","1","1","1","1",1,0,"0"
"ENG1609284",2016,"1","1","1","1","1","1","1","1","1","1","1","1","1","1","1","1","1",1,0,"0"
"ENG1604263",2016,"1","1","1","1","1","1","1","1","1","1","1","1","1","1","1","1","1",1,0,"0"
"ENG1604278",2016,"1","1","1","1","1","1","1","1","1","1","1","1","1","1","1","1","1",1,0,"0"
"ENG1608892",2016,"1","1","1","1","1","1","1","1","1","1","1","1","1","1","1","1","1",1,0,"0"
"ENG1608889",2016,"1","1","1","1","1","1","1","1","1","1","1","1","1","1","1","1","1",1,0,"0"
"ENG1503878",2016,"0","0","1","1","1","0","0","0","0","0","0","0","1","0","1","0","0",1,1,"0"
"ENG1704344",2017,"1","1","1","1","1","1","1","1","1","1","1","1","1","1","1","1","1",1,0,"0"
"ENG1704295",2017,"1","1","1","1","1","1","1","1","1","1","1","1","1","1","1","1","1",1,0,"0"
"ENG1704317",2017,"1","1","1","1","1","1","1","1","1","1","1","1","1","1","1","1","1",1,0,"0"
"ENG1704280",2017,"1","1","1","1","1","1","1","1","1","1","1","1","1","1","1","1","1",1,0,"0"
"ENG1704333",2017,"1","1","1","1","1","1","1","1","1","1","1","1","1","1","1","1","1",1,0,"0"
"ENG1704313",2017,"1","1","1","1","1","1","1","1","1","1","1","1","1","1","1","1","1",1,0,"0"
"ENG1704347",2017,"1","1","1","1","1","1","1","1","1","1","1","1","1","1","1","1","1",1,0,"0"
"ENG1704285",2017,"1","1","1","1","1","1","1","1","1","1","1","1","1","1","1","1","1",1,0,"0"
"ENG1704256",2017,"1","1","1","1","1","1","1","1","1","1","1","1","1","1","1","1","1",1,0,"0"
"ENG1704278",2017,"1","1","1","1","1","1","1","1","1","1","1","1","1","1","1","1","1",1,0,"0"
"ENG1704286",2017,"1","1","1","1","1","1","1","1","1","1","1","1","1","1","1","1","1",1,0,"0"
"ENG1704260",2017,"1","1","1","1","1","1","1","1","1","1","1","1","1","1","1","1","1",1,0,"0"
"ENG1704266",2017,"1","1","1","1","1","1","1","1","1","1","1","1","1","1","1","1","1",1,0,"0"
"ENG1704327",2017,"1","1","1","1","1","1","1","1","1","1","1","1","1","1","1","1","1",1,0,"0"
"ENG1704318",2017,"1","1","1","1","1","1","1","1","1","1","1","1","1","1","1","1","1",1,0,"0"
"ENG1704303",2017,"1","1","1","1","1","1","1","1","1","1","1","1","1","1","1","1","1",1,0,"0"
"ENG1704338",2017,"1","1","1","1","1","1","1","1","1","1","1","1","1","1","1","1","1",1,0,"0"
"ENG1704332",2017,"1","1","1","1","1","1","1","1","1","1","1","1","1","1","1","1","1",1,0,"0"
"ENG1604237",2017,"0","0","1","0","1","1","1","1","0","0","0","0","0","0","1","0","0",1,0,"0"
"ENG1704350",2017,"1","1","1","1","1","1","1","1","1","1","1","1","1","1","1","1","1",1,0,"0"
"ENG1704293",2017,"1","1","1","1","1","1","1","1","1","1","1","1","1","1","1","1","1",1,0,"0"
"ENG1704290",2017,"1","1","1","1","1","1","1","1","1","1","1","1","1","1","1","1","1",1,0,"0"
"ENG1704271",2017,"1","1","1","1","1","1","1","1","1","1","1","1","1","1","1","1","1",1,0,"0"
"ENG1704349",2017,"1","1","1","1","1","1","1","1","1","1","1","1","1","1","1","1","1",1,0,"0"
"ENG1704297",2017,"1","1","1","1","1","1","1","1","1","1","1","1","1","1","1","1","1",1,0,"0"
"ENG1704312",2017,"1","1","1","1","1","1","1","1","1","1","1","1","1","1","1","1","1",1,0,"0"
"ENG1704317",2017,"1","1","1","1","1","1","1","1","1","1","1","1","1","1","1","1","1",1,0,"0"
"ENG1704355",2017,"1","1","1","1","1","1","1","1","1","1","1","1","1","1","1","1","1",1,0,"0"
"ENG1704352",2017,"1","1","1","1","1","1","1","1","1","1","1","1","1","1","1","1","1",1,0,"0"
"ENG1704319",2017,"1","1","1","1","1","1","1","1","1","1","1","1","1","1","1","1","1",1,0,"0"
"ENG1704274",2017,"1","1","1","1","1","1","1","1","1","1","1","1","1","1","1","1","1",1,0,"0"
"ENG1704288",2017,"1","1","1","1","1","1","1","1","1","1","1","1","1","1","1","1","1",1,0,"0"
"ENG1704356",2017,"1","1","1","1","1","1","1","1","1","1","1","1","1","1","1","1","1",1,0,"0"
"ENG1704263",2017,"1","1","1","1","1","1","1","1","1","1","1","1","1","1","1","1","1",1,0,"0"
"ENG1704339",2017,"1","1","1","1","1","1","1","1","1","1","1","1","1","1","1","1","1",1,0,"0"
"ENG1704321",2017,"1","1","1","1","1","1","1","1","1","1","1","1","1","1","1","1","1",1,0,"0"
"ENG1704282",2017,"1","1","1","1","1","1","1","1","1","1","1","1","1","1","1","1","1",1,0,"0"
"ENG1704340",2017,"1","1","1","1","1","1","1","1","1","1","1","1","1","1","1","1","1",1,0,"0"
"ENG1704275",2017,"1","1","1","1","1","1","1","1","1","1","1","1","1","1","1","1","1",1,0,"0"
"ENG1704277",2017,"1","1","1","1","1","1","1","1","1","1","1","1","1","1","1","1","1",1,0,"0"
"ENG1704353",2017,"1","1","1","1","1","1","1","1","1","1","1","1","1","1","1","1","1",1,0,"0"
"ENG1704270",2017,"1","1","1","1","1","1","1","1","1","1","1","1","1","1","1","1","1",1,0,"0"
"ENG1704346",2017,"1","1","1","1","1","1","1","1","1","1","1","1","1","1","1","1","1",1,0,"0"
"ENG1704326",2017,"1","1","1","1","1","1","1","1","1","1","1","1","1","1","1","1","1",1,0,"0"
"ENG1704342",2017,"1","1","1","1","1","1","1","1","1","1","1","1","1","1","1","1","1",1,0,"0"
"ENG1704258",2017,"1","1","1","1","1","1","1","1","1","1","1","1","1","1","1","1","1",1,0,"0"
"ENG1704284",2017,"1","1","1","1","1","1","1","1","1","1","1","1","1","1","1","1","1",1,0,"0"
"ENG1704262",2017,"1","1","1","1","1","1","1","1","1","1","1","1","1","1","1","1","1",1,0,"0"
"ENG1704308",2017,"1","1","1","1","1","1","1","1","1","1","1","1","1","1","1","1","1",1,0,"0"
"ENG1704261",2017,"1","1","1","1","1","1","1","1","1","1","1","1","1","1","1","1","1",1,0,"0"
"ENG1704265",2017,"1","1","1","1","1","1","1","1","1","1","1","1","1","1","1","1","1",1,0,"0"
"ENG1704298",2017,"1","1","1","1","1","1","1","1","1","1","1","1","1","1","1","1","1",1,0,"0"
"ENG1704276",2017,"1","1","1","1","1","1","1","1","1","1","1","1","1","1","1","1","1",1,0,"0"
"ENG1704324",2017,"1","1","1","1","1","1","1","1","1","1","1","1","1","1","1","1","1",1,0,"0"
"ENG1704334",2017,"1","1","1","1","1","1","1","1","1","1","1","1","1","1","1","1","1",1,0,"0"
"ENG1704311",2017,"1","1","1","1","1","1","1","1","1","1","1","1","1","1","1","1","1",1,0,"0"
"ENG1704257",2017,"1","1","1","1","1","1","1","1","1","1","1","1","1","1","1","1","1",1,0,"0"
"ENG1704299",2017,"1","1","1","1","1","1","1","1","1","1","1","1","1","1","1","1","1",1,0,"0"
"ENG1704273",2017,"1","1","1","1","1","1","1","1","1","1","1","1","1","1","1","1","1",1,0,"0"
"ENG1704259",2017,"1","1","1","1","1","1","1","1","1","1","1","1","1","1","1","1","1",1,0,"0"
"ENG1704351",2017,"1","1","1","1","1","1","1","1","1","1","1","1","1","1","1","1","1",1,0,"0"
"ENG1704330",2017,"1","1","1","1","1","1","1","1","1","1","1","1","1","1","1","1","1",1,0,"0"
"ENG1704292",2017,"1","1","1","1","1","1","1","1","1","1","1","1","1","1","1","1","1",1,0,"0"
"ENG1704264",2017,"1","1","1","1","1","1","1","1","1","1","1","1","1","1","1","1","1",1,0,"0"
"ENG1704341",2017,"1","1","1","1","1","1","1","1","1","1","1","1","1","1","1","1","1",1,0,"0"
"ENG1704287",2017,"1","1","1","1","1","1","1","1","1","1","1","1","1","1","1","1","1",1,0,"0"
"ENG1704305",2017,"1","1","1","1","1","1","1","1","1","1","1","1","1","1","1","1","1",1,0,"0"
"ENG1704272",2017,"1","1","1","1","1","1","1","1","1","1","1","1","1","1","1","1","1",1,0,"0"
"ENG1704320",2017,"1","1","1","1","1","1","1","1","1","1","1","1","1","1","1","1","1",1,0,"0"
"ENG1704325",2017,"1","1","1","1","1","1","1","1","1","1","1","1","1","1","1","1","1",1,0,"0"
"ENG1704309",2017,"1","1","1","1","1","1","1","1","1","1","1","1","1","1","1","1","1",1,0,"0"
"ENG1608890",2017,"0","0","0","0","0","1","0","1","0","0","0","0","1","1","0","0","0",1,0,"0"
"ENG1608891",2017,"0","0","1","0","1","1","0","1","0","0","0","0","1","1","0","0","0",1,0,"0"
"ENG1604278",2017,"0","0","1","0","1","1","0","1","0","0","0","1","1","0","0","0","0",1,0,"0"
"ENG1604215",2017,"0","0","1","0","1","1","1","1","0","0","0","1","1","0","0","0","0",1,0,"0"
"ENG1609424",2017,"1","1","1","1","1","1","1","1","1","1","1","1","1","1","1","1","1",1,0,"0"
"ENG1704348",2017,"1","1","1","1","1","1","1","1","1","1","1","1","1","1","1","1","1",1,0,"0"
"ENG1704300",2017,"1","1","1","1","1","1","1","1","1","1","1","1","1","1","1","1","1",1,0,"0"
"ENG1704296",2017,"1","1","1","1","1","1","1","1","1","1","1","1","1","1","1","1","1",1,0,"0"
"ENG1704357",2017,"1","1","1","1","1","1","1","1","1","1","1","1","1","1","1","1","1",1,0,"0"
"ENG1704336",2017,"1","1","1","1","1","1","1","1","1","1","1","1","1","1","1","1","1",1,0,"0"
"ENG1708913",2017,"1","1","1","1","1","1","1","1","1","1","1","1","1","1","1","1","1",1,0,"0"
"ENG1704310",2017,"1","1","1","1","1","1","1","1","1","1","1","1","1","1","1","1","1",1,0,"0"
"ENG1704323",2017,"1","1","1","1","1","1","1","1","1","1","1","1","1","1","1","1","1",1,0,"0"
"ENG1704358",2017,"1","1","1","1","1","1","1","1","1","1","1","1","1","1","1","1","1",1,0,"0"
"ENG1704322",2017,"1","1","1","1","1","1","1","1","1","1","1","1","1","1","1","1","1",1,0,"0"
"ENG1704316",2017,"1","1","1","1","1","1","1","1","1","1","1","1","1","1","1","1","1",1,0,"0"
"ENG1704354",2017,"1","1","1","1","1","1","1","1","1","1","1","1","1","1","1","1","1",1,0,"0"
"ENG1709336",2017,"1","1","1","1","1","1","1","1","1","1","1","1","1","1","1","1","1",1,0,"0"
"ENG1704329",2017,"1","1","1","1","1","1","1","1","1","1","1","1","1","1","1","1","1",1,0,"0"
"ENG1704294",2017,"1","1","1","1","1","1","1","1","1","1","1","1","1","1","1","1","1",1,0,"0"
"ENG1704307",2017,"1","1","1","1","1","1","1","1","1","1","1","1","1","1","1","1","1",1,0,"0"
"ENG1704306",2017,"1","1","1","1","1","1","1","1","1","1","1","1","1","1","1","1","1",1,0,"0"
"ENG1604214",2017,"0","0","0","0","0","1","0","1","0","0","0","0","1","0","1","0","0",1,0,"0"
"ENG1704255",2017,"1","1","1","1","1","1","1","1","1","1","1","1","1","1","1","1","1",1,0,"0"
"ENG1709337",2017,"1","1","1","1","1","1","1","1","1","1","1","1","1","1","1","1","1",1,0,"0"
"ENG1704267",2017,"1","1","1","1","1","1","1","1","1","1","1","1","1","1","1","1","1",1,0,"0"
"ENG1604263",2017,"0","0","1","1","1","1","1","0","0","0","0","0","1","1","0","0","0",1,0,"0"
"ENG1704328",2017,"1","1","1","1","1","1","1","1","1","1","1","1","1","1","1","1","1",1,0,"0"
"ENG1704269",2017,"1","1","1","1","1","1","1","1","1","1","1","1","1","1","1","1","1",1,0,"0"
"ENG1704141",2017,"1","1","1","1","1","1","1","1","1","1","1","1","1","1","1","1","1",1,0,"0"
"ENG1704268",2017,"1","1","1","1","1","1","1","1","1","1","1","1","1","1","1","1","1",1,0,"0"
